insert into Users (username, password, first_name, last_name, admin_level, join_date) values ('auccelli0', 'x5WD1MH', 'Alisa', 'Uccelli', 2, '1963-09-13');
insert into Users (username, password, first_name, last_name, admin_level, join_date) values ('tcongdon1', '3loH9Z5', 'Tanney', 'Congdon', 2, '2017-02-16');
insert into Users (username, password, first_name, last_name, admin_level, join_date) values ('aaggs2', 'Ef7i7oIVmk7c', 'Alena', 'Aggs', 2, '1979-12-28');
insert into Users (username, password, first_name, last_name, admin_level, join_date) values ('btommasi3', 'PTQyDrPiXm', 'Bealle', 'Tommasi', 2, '1985-01-08');
insert into Users (username, password, first_name, last_name, admin_level, join_date) values ('sthicking4', '7A37fF', 'Sukey', 'Thicking', 2, '1983-02-09');
insert into Users (username, password, first_name, last_name, admin_level, join_date) values ('hkubin5', '5tPHDtYBIWsO', 'Holly', 'Kubin', 2, '1982-07-24');
insert into Users (username, password, first_name, last_name, admin_level, join_date) values ('tjanodet6', 'ItC9402', 'Tiebold', 'Janodet', 2, '2000-02-15');
insert into Users (username, password, first_name, last_name, admin_level, join_date) values ('bspir7', 'Caq3K8S1JWma', 'Barthel', 'Spir', 2, '2004-05-04');
insert into Users (username, password, first_name, last_name, admin_level, join_date) values ('tschlagman8', 'pG5dVteR', 'Thea', 'Schlagman', 2, '2020-04-01');
insert into Users (username, password, first_name, last_name, admin_level, join_date) values ('rhartopp9', '7U33E7C3VP', 'Royce', 'Hartopp', 2, '2006-03-08');
insert into Users (username, password, first_name, last_name, admin_level, join_date) values ('mjandela', 'x8F3Ug', 'Maribelle', 'Jandel', 2, '2015-10-06');
insert into Users (username, password, first_name, last_name, admin_level, join_date) values ('mcuseckb', 'tuGKE1CYO', 'Maryrose', 'Cuseck', 2, '2022-09-08');
insert into Users (username, password, first_name, last_name, admin_level, join_date) values ('wbartropc', 'vtzyFFr', 'Willis', 'Bartrop', 2, '2022-07-06');
insert into Users (username, password, first_name, last_name, admin_level, join_date) values ('cpeasemand', 'H6ePnAdeT', 'Cassi', 'Peaseman', 2, '1961-02-04');
insert into Users (username, password, first_name, last_name, admin_level, join_date) values ('adoyleye', 'oRybBB', 'Alie', 'Doyley', 2, '2021-10-21');
insert into Users (username, password, first_name, last_name, admin_level, join_date) values ('crawnef', 'AZvGN8sK', 'Clemmy', 'Rawne', 2, '1977-03-04');
insert into Users (username, password, first_name, last_name, admin_level, join_date) values ('nbockingg', '7LiYyLZ62z3', 'Nickolaus', 'Bocking', 2, '2021-09-24');
insert into Users (username, password, first_name, last_name, admin_level, join_date) values ('epartrickh', 'if0Q18', 'Emilia', 'Partrick', 2, '1987-09-24');
insert into Users (username, password, first_name, last_name, admin_level, join_date) values ('wjershi', 'OAWCs2sxIs', 'Wyn', 'Jersh', 2, '2019-06-02');
insert into Users (username, password, first_name, last_name, admin_level, join_date) values ('kbosomworthj', 'x7Ap4ql', 'Karna', 'Bosomworth', 2, '1983-09-25');
insert into Users (username, password, first_name, last_name, admin_level, join_date) values ('wpierrepontk', 'w0nXgSN', 'Witty', 'Pierrepont', 2, '1978-12-04');
insert into Users (username, password, first_name, last_name, admin_level, join_date) values ('jbudnkl', 'yeojpBhX', 'Julina', 'Budnk', 2, '1999-03-19');
insert into Users (username, password, first_name, last_name, admin_level, join_date) values ('cmoultonm', 'SwACLGcgP', 'Charlotte', 'Moulton', 2, '2010-12-30');
insert into Users (username, password, first_name, last_name, admin_level, join_date) values ('ktoorn', 'b4KPo5AXj0', 'Katheryn', 'Toor', 2, '1997-10-18');
insert into Users (username, password, first_name, last_name, admin_level, join_date) values ('vtrembleto', '2Uvm4q', 'Veronike', 'Tremblet', 2, '1978-03-06');
insert into Users (username, password, first_name, last_name, admin_level, join_date) values ('ceadesp', 'h2hXmpr', 'Camala', 'Eades', 2, '2000-03-04');
insert into Users (username, password, first_name, last_name, admin_level, join_date) values ('kvilliersq', 'R43FG6Dddqu9', 'Kleon', 'Villiers', 2, '2010-01-25');
insert into Users (username, password, first_name, last_name, admin_level, join_date) values ('mgottschalkr', 'W4qb6e', 'Maynard', 'Gottschalk', 2, '1973-04-07');
insert into Users (username, password, first_name, last_name, admin_level, join_date) values ('ceverwins', 'OTA4yM', 'Chicky', 'Everwin', 2, '2000-08-01');
insert into Users (username, password, first_name, last_name, admin_level, join_date) values ('joggt', 'GnmDEir4Jj', 'Janeta', 'Ogg', 2, '2009-10-15');
insert into Users (username, password, first_name, last_name, admin_level, join_date) values ('sleborgneu', 'UWqhT4d', 'Shannan', 'Le Borgne', 2, '1996-05-09');
insert into Users (username, password, first_name, last_name, admin_level, join_date) values ('rbalcombev', 'h9lbJ1XKX', 'Rhianna', 'Balcombe', 2, '1979-10-18');
insert into Users (username, password, first_name, last_name, admin_level, join_date) values ('bablittw', 'C3k1iGCAo1g', 'Bertine', 'Ablitt', 2, '1995-09-10');
insert into Users (username, password, first_name, last_name, admin_level, join_date) values ('lpensonx', 'owxDpk1YCa4', 'Lockwood', 'Penson', 2, '2004-08-17');
insert into Users (username, password, first_name, last_name, admin_level, join_date) values ('kmastery', 'gjqPrKtXK', 'Kylie', 'Master', 2, '2020-05-23');
insert into Users (username, password, first_name, last_name, admin_level, join_date) values ('khannisz', 'uKnGnRqbYVAU', 'Kassia', 'Hannis', 2, '1962-03-13');
insert into Users (username, password, first_name, last_name, admin_level, join_date) values ('aabsolon10', 'jAZzawsQ1', 'Aguistin', 'Absolon', 2, '1969-11-18');
insert into Users (username, password, first_name, last_name, admin_level, join_date) values ('bpetronis11', 'oZihea', 'Blair', 'Petronis', 2, '1969-06-02');
insert into Users (username, password, first_name, last_name, admin_level, join_date) values ('nscottini12', '702noix', 'Nollie', 'Scottini', 2, '2005-07-03');
insert into Users (username, password, first_name, last_name, admin_level, join_date) values ('kcosins13', 'qTRZK2WJf', 'Kelli', 'Cosins', 2, '1989-01-13');
insert into Users (username, password, first_name, last_name, admin_level, join_date) values ('obanane14', 'x8925mqfm', 'Osbourn', 'Banane', 2, '2012-07-05');
insert into Users (username, password, first_name, last_name, admin_level, join_date) values ('pshilliday15', 'qx9bTFR2kyB', 'Pammie', 'Shilliday', 2, '1967-01-02');
insert into Users (username, password, first_name, last_name, admin_level, join_date) values ('cboner16', 'pWSd5EW', 'Carlo', 'Boner', 2, '1991-03-24');
insert into Users (username, password, first_name, last_name, admin_level, join_date) values ('djumonet17', 'QHXNjESa0q', 'Dennis', 'Jumonet', 2, '1985-11-11');
insert into Users (username, password, first_name, last_name, admin_level, join_date) values ('scastleton18', 'Jj1S65', 'Shannah', 'Castleton', 2, '2000-09-26');
insert into Users (username, password, first_name, last_name, admin_level, join_date) values ('ktruter19', 'tlbNnvNj', 'Koren', 'Truter', 2, '1999-01-23');
insert into Users (username, password, first_name, last_name, admin_level, join_date) values ('sbrunnstein1a', 'N4f4iG53xO', 'Susie', 'Brunnstein', 2, '1965-12-11');
insert into Users (username, password, first_name, last_name, admin_level, join_date) values ('sbolino1b', 'gri8WPW', 'Steve', 'Bolino', 2, '1976-01-01');
insert into Users (username, password, first_name, last_name, admin_level, join_date) values ('gmacallister1c', 'ZJgDtpuOQHLl', 'Gayle', 'MacAllister', 2, '2012-02-27');
insert into Users (username, password, first_name, last_name, admin_level, join_date) values ('fwoonton1d', 'L4qRgAlW', 'Frankie', 'Woonton', 2, '2001-01-10');
insert into Artist (artist_id, name, location, join_date) values (1, 'Robust', 'Cairima', '1973-06-21');
insert into Artist (artist_id, name, location, join_date) values (2, 'value-added', 'Krajan Tambakrejo', '2015-08-29');
insert into Artist (artist_id, name, location, join_date) values (3, 'Object-based', 'Sitangkai', '1996-11-30');
insert into Artist (artist_id, name, location, join_date) values (4, 'knowledge user', 'Lyon', '1975-06-16');
insert into Artist (artist_id, name, location, join_date) values (5, 'transitional', 'Barra do Piraí', '1972-01-06');
insert into Artist (artist_id, name, location, join_date) values (6, 'local area network', 'Zolotyy Potik', '1979-06-30');
insert into Artist (artist_id, name, location, join_date) values (7, 'intermediate', 'Mikulcice', '2003-11-04');
insert into Artist (artist_id, name, location, join_date) values (8, 'artificial intelligence', 'Huangmei', '1979-04-10');
insert into Artist (artist_id, name, location, join_date) values (9, 'Cross-group', 'Utrecht (stad)', '1992-10-05');
insert into Artist (artist_id, name, location, join_date) values (10, 'Re-contextualized', 'Rybno', '1989-09-01');
insert into Artist (artist_id, name, location, join_date) values (11, 'fresh-thinking', 'Pampierstad', '1990-06-14');
insert into Artist (artist_id, name, location, join_date) values (12, 'implementation', 'Szombathely', '1995-01-27');
insert into Artist (artist_id, name, location, join_date) values (13, '4th generation', 'Khóra', '1995-06-29');
insert into Artist (artist_id, name, location, join_date) values (14, 'fault-tolerant', 'Nowshahr', '1977-08-21');
insert into Artist (artist_id, name, location, join_date) values (15, 'neural-net', 'Düsseldorf', '1972-01-15');
insert into Artist (artist_id, name, location, join_date) values (16, 'success', 'Matozinhos', '2004-04-29');
insert into Artist (artist_id, name, location, join_date) values (17, 'bi-directional', 'Palapye', '1971-12-17');
insert into Artist (artist_id, name, location, join_date) values (18, 'encryption', 'Buhe', '2014-02-13');
insert into Artist (artist_id, name, location, join_date) values (19, 'object-oriented', 'Hanam', '1997-10-16');
insert into Artist (artist_id, name, location, join_date) values (20, 'global', 'Gorzkowice', '1973-12-08');
insert into Artist (artist_id, name, location, join_date) values (21, 'content-based', 'Panambi', '1982-04-26');
insert into Artist (artist_id, name, location, join_date) values (22, 'Versatile', 'Goussainville', '2006-09-06');
insert into Artist (artist_id, name, location, join_date) values (23, 'homogeneous', 'Stende', '1968-04-26');
insert into Artist (artist_id, name, location, join_date) values (24, 'tangible', 'Soisy-sous-Montmorency', '1981-03-31');
insert into Artist (artist_id, name, location, join_date) values (25, 'pricing structure', 'Jieshou', '1963-11-22');
insert into Artist (artist_id, name, location, join_date) values (26, 'system engine', 'Boca Raton', '2001-01-09');
insert into Artist (artist_id, name, location, join_date) values (27, 'discrete', 'Schellenberg', '2000-02-22');
insert into Artist (artist_id, name, location, join_date) values (28, 'installation', 'Aktsyabrski', '1963-07-15');
insert into Artist (artist_id, name, location, join_date) values (29, 'stable', 'Biloxi', '2018-01-27');
insert into Artist (artist_id, name, location, join_date) values (30, 'Monitored', 'Naxos', '1966-02-01');
insert into Artist (artist_id, name, location, join_date) values (31, 'Fundamental', 'Carvalhal da Aroeira', '1980-12-05');
insert into Artist (artist_id, name, location, join_date) values (32, 'value-added', 'Berlin', '2009-01-10');
insert into Artist (artist_id, name, location, join_date) values (33, 'concept', 'Kamionka', '2022-04-12');
insert into Artist (artist_id, name, location, join_date) values (34, 'Programmable', 'Taesal-li', '1975-04-13');
insert into Artist (artist_id, name, location, join_date) values (35, 'open architecture', 'Mrozy', '2006-05-30');
insert into Artist (artist_id, name, location, join_date) values (36, 'Extended', 'Oslo', '1988-03-20');
insert into Artist (artist_id, name, location, join_date) values (37, 'open architecture', 'Uglovoye', '2014-06-24');
insert into Artist (artist_id, name, location, join_date) values (38, 'empowering', 'Wanhu', '2013-09-29');
insert into Artist (artist_id, name, location, join_date) values (39, 'scalable', 'Matangpayang', '2018-02-17');
insert into Artist (artist_id, name, location, join_date) values (40, 'static', 'Timeng', '1961-09-12');
insert into Artist (artist_id, name, location, join_date) values (41, 'data-warehouse', 'Banjar Batuaji Kaja', '1994-10-15');
insert into Artist (artist_id, name, location, join_date) values (42, 'Focused', 'Zigong', '2009-07-01');
insert into Artist (artist_id, name, location, join_date) values (43, 'success', 'Nakatsugawa', '2016-07-09');
insert into Artist (artist_id, name, location, join_date) values (44, 'fault-tolerant', 'Tuanshan', '1965-03-03');
insert into Artist (artist_id, name, location, join_date) values (45, 'portal', 'Santa Luzia', '2017-03-23');
insert into Artist (artist_id, name, location, join_date) values (46, 'open architecture', 'Ciracap', '2022-10-16');
insert into Artist (artist_id, name, location, join_date) values (47, 'initiative', 'Sishui', '2010-08-24');
insert into Artist (artist_id, name, location, join_date) values (48, 'core', 'Brive-la-Gaillarde', '1963-04-11');
insert into Artist (artist_id, name, location, join_date) values (49, 'hybrid', 'Marshintsy', '1988-11-24');
insert into Artist (artist_id, name, location, join_date) values (50, 'installation', 'Voskopojë', '1990-12-17');



insert into Album (name, artist_id, date_added) values ('Antelope, roan', 22, '1988-03-12');
insert into Album (name, artist_id, date_added) values ('Butterfly, canadian tiger swallowtail', 21, '1966-08-06');
insert into Album (name, artist_id, date_added) values ('Tiger cat', 37, '1963-03-03');
insert into Album (name, artist_id, date_added) values ('Black-tailed tree creeper', 4, '1989-01-30');
insert into Album (name, artist_id, date_added) values ('Bustard, kori', 34, '1995-03-29');
insert into Album (name, artist_id, date_added) values ('Insect, stick', 6, '1989-03-30');
insert into Album (name, artist_id, date_added) values ('Tammar wallaby', 13, '2017-04-11');
insert into Album (name, artist_id, date_added) values ('Margay', 30, '1991-06-03');
insert into Album (name, artist_id, date_added) values ('Common genet', 13, '1973-07-24');
insert into Album (name, artist_id, date_added) values ('Frogmouth, tawny', 46, '1969-06-09');
insert into Album (name, artist_id, date_added) values ('Rhesus monkey', 15, '1978-06-06');
insert into Album (name, artist_id, date_added) values ('White-winged dove', 8, '2000-12-13');
insert into Album (name, artist_id, date_added) values ('Asian openbill', 50, '1965-01-07');
insert into Album (name, artist_id, date_added) values ('Turkey, wild', 43, '1992-03-15');
insert into Album (name, artist_id, date_added) values ('Macaw, blue and yellow', 43, '2017-10-11');
insert into Album (name, artist_id, date_added) values ('Toddy cat', 10, '2020-12-31');
insert into Album (name, artist_id, date_added) values ('Macaw, blue and yellow', 37, '1984-01-25');
insert into Album (name, artist_id, date_added) values ('Ring-tailed possum', 7, '1975-06-17');
insert into Album (name, artist_id, date_added) values ('Peacock, blue', 12, '2003-10-24');
insert into Album (name, artist_id, date_added) values ('Paddy heron (unidentified)', 9, '1997-05-07');
insert into Album (name, artist_id, date_added) values ('Ibis, glossy', 14, '1978-01-03');
insert into Album (name, artist_id, date_added) values ('Avocet, pied', 31, '2002-07-02');
insert into Album (name, artist_id, date_added) values ('Asian lion', 45, '2002-07-06');
insert into Album (name, artist_id, date_added) values ('Pale-throated three-toed sloth', 40, '2004-07-18');
insert into Album (name, artist_id, date_added) values ('Yellow baboon', 17, '1975-07-16');
insert into Album (name, artist_id, date_added) values ('Rattlesnake, eastern diamondback', 19, '2001-11-11');
insert into Album (name, artist_id, date_added) values ('Spurfowl, yellow-necked', 22, '2010-05-07');
insert into Album (name, artist_id, date_added) values ('Four-horned antelope', 32, '1976-01-17');
insert into Album (name, artist_id, date_added) values ('Red-tailed hawk', 48, '1982-09-12');
insert into Album (name, artist_id, date_added) values ('Fox, arctic', 4, '2013-08-10');
insert into Album (name, artist_id, date_added) values ('Boa, mexican', 11, '1995-06-14');
insert into Album (name, artist_id, date_added) values ('Goose, egyptian', 28, '1997-07-07');
insert into Album (name, artist_id, date_added) values ('Red-tailed wambenger', 48, '2016-08-04');
insert into Album (name, artist_id, date_added) values ('Flying fox (unidentified)', 45, '2019-12-15');
insert into Album (name, artist_id, date_added) values ('Stork, woolly-necked', 16, '1991-04-25');
insert into Album (name, artist_id, date_added) values ('Heron, little', 39, '1968-07-30');
insert into Album (name, artist_id, date_added) values ('Yellow-billed hornbill', 20, '2003-11-30');
insert into Album (name, artist_id, date_added) values ('Pelican, brown', 41, '1962-12-17');
insert into Album (name, artist_id, date_added) values ('Elephant, african', 7, '2018-01-05');
insert into Album (name, artist_id, date_added) values ('Spotted wood sandpiper', 24, '1961-12-08');
insert into Album (name, artist_id, date_added) values ('Banded mongoose', 42, '2014-07-19');
insert into Album (name, artist_id, date_added) values ('Red phalarope', 34, '1968-11-14');
insert into Album (name, artist_id, date_added) values ('Peacock, blue', 16, '1971-10-18');
insert into Album (name, artist_id, date_added) values ('Oryx, beisa', 24, '1975-09-07');
insert into Album (name, artist_id, date_added) values ('Common boubou shrike', 4, '2006-09-22');
insert into Album (name, artist_id, date_added) values ('African wild dog', 44, '1962-03-28');
insert into Album (name, artist_id, date_added) values ('Openbill stork', 13, '2014-02-21');
insert into Album (name, artist_id, date_added) values ('Chacma baboon', 2, '2002-01-24');
insert into Album (name, artist_id, date_added) values ('Chilean flamingo', 11, '1993-08-06');
insert into Album (name, artist_id, date_added) values ('Crane, wattled', 41, '1981-05-23');
insert into Album (name, artist_id, date_added) values ('Blue-faced booby', 8, '2014-01-29');
insert into Album (name, artist_id, date_added) values ('White-throated kingfisher', 22, '2000-06-12');
insert into Album (name, artist_id, date_added) values ('Porcupine, north american', 8, '1991-11-01');
insert into Album (name, artist_id, date_added) values ('Lemur, grey mouse', 10, '1991-07-24');
insert into Album (name, artist_id, date_added) values ('Squirrel, pine', 2, '2011-12-15');
insert into Album (name, artist_id, date_added) values ('Goose, andean', 10, '2016-05-20');
insert into Album (name, artist_id, date_added) values ('Greylag goose', 23, '1996-10-08');
insert into Album (name, artist_id, date_added) values ('Rose-ringed parakeet', 42, '1964-12-15');
insert into Album (name, artist_id, date_added) values ('Wolf, common', 40, '1976-07-17');
insert into Album (name, artist_id, date_added) values ('Sloth, pale-throated three-toed', 17, '2022-09-13');
insert into Album (name, artist_id, date_added) values ('Jungle cat', 22, '2021-01-21');
insert into Album (name, artist_id, date_added) values ('Cormorant, king', 11, '1985-10-02');
insert into Album (name, artist_id, date_added) values ('American bison', 21, '2012-04-01');
insert into Album (name, artist_id, date_added) values ('Western lowland gorilla', 19, '1979-02-04');
insert into Album (name, artist_id, date_added) values ('Secretary bird', 44, '2008-03-13');
insert into Album (name, artist_id, date_added) values ('North American red fox', 28, '2006-12-13');
insert into Album (name, artist_id, date_added) values ('Eagle, bald', 4, '1967-02-22');
insert into Album (name, artist_id, date_added) values ('Four-striped grass mouse', 45, '2008-06-07');
insert into Album (name, artist_id, date_added) values ('Turtle, long-necked', 47, '2013-05-14');
insert into Album (name, artist_id, date_added) values ('Tailless tenrec', 15, '2004-07-06');
insert into Album (name, artist_id, date_added) values ('Tern, royal', 21, '1994-11-28');
insert into Album (name, artist_id, date_added) values ('Tawny frogmouth', 35, '1998-02-11');
insert into Album (name, artist_id, date_added) values ('Heron, gray', 23, '1966-08-09');
insert into Album (name, artist_id, date_added) values ('Mouflon', 44, '1968-08-26');
insert into Album (name, artist_id, date_added) values ('Phascogale, brush-tailed', 1, '2014-09-03');
insert into Album (name, artist_id, date_added) values ('Badger, eurasian', 14, '1970-01-26');
insert into Album (name, artist_id, date_added) values ('Oribi', 50, '2022-06-14');
insert into Album (name, artist_id, date_added) values ('Elegant crested tinamou', 45, '1983-06-17');
insert into Album (name, artist_id, date_added) values ('European beaver', 35, '1964-04-27');
insert into Album (name, artist_id, date_added) values ('Pelican, great white', 10, '1962-05-16');
insert into Album (name, artist_id, date_added) values ('Fairy penguin', 1, '2012-01-26');
insert into Album (name, artist_id, date_added) values ('Dog, black-tailed prairie', 18, '2008-06-07');
insert into Album (name, artist_id, date_added) values ('Porcupine, crested', 42, '1964-07-30');
insert into Album (name, artist_id, date_added) values ('Red meerkat', 46, '1992-10-28');
insert into Album (name, artist_id, date_added) values ('Stork, white', 2, '2003-09-30');
insert into Album (name, artist_id, date_added) values ('Monkey, red howler', 33, '1991-06-09');
insert into Album (name, artist_id, date_added) values ('Red hartebeest', 3, '1965-04-02');
insert into Album (name, artist_id, date_added) values ('Steller sea lion', 24, '2020-06-09');
insert into Album (name, artist_id, date_added) values ('Black-crowned crane', 21, '2019-08-15');
insert into Album (name, artist_id, date_added) values ('Western bearded dragon', 23, '1985-05-08');
insert into Album (name, artist_id, date_added) values ('Moorhen, purple', 5, '2012-03-11');
insert into Album (name, artist_id, date_added) values ('King cormorant', 33, '1966-11-20');
insert into Album (name, artist_id, date_added) values ('Heron, giant', 5, '2010-10-26');
insert into Album (name, artist_id, date_added) values ('Egyptian goose', 25, '1981-02-27');
insert into Album (name, artist_id, date_added) values ('Nine-banded armadillo', 8, '1962-08-04');
insert into Album (name, artist_id, date_added) values ('Woodpecker, downy', 33, '1989-08-01');
insert into Album (name, artist_id, date_added) values ('Thomson''s gazelle', 28, '2007-11-15');
insert into Album (name, artist_id, date_added) values ('Tortoise, indian star', 33, '1963-12-28');
insert into Album (name, artist_id, date_added) values ('Lizard, giant girdled', 42, '1976-09-01');
insert into Album (name, artist_id, date_added) values ('Black-crowned night heron', 30, '1980-02-04');
insert into Album (name, artist_id, date_added) values ('Bristleflower Collomia', 1, '1970-05-07');
insert into Album (name, artist_id, date_added) values ('Rapp''s Biatorella Lichen', 2, '1988-11-13');
insert into Album (name, artist_id, date_added) values ('Palmer''s Breadroot', 3, '1993-05-19');
insert into Album (name, artist_id, date_added) values ('Jensen''s Polytrichum Moss', 4, '2019-01-25');
insert into Album (name, artist_id, date_added) values ('Pineland Valerian', 5, '1982-05-23');
insert into Album (name, artist_id, date_added) values ('New Mexico Milkwort', 6, '2019-12-03');
insert into Album (name, artist_id, date_added) values ('Bearded Milkvetch', 7, '1972-10-05');
insert into Album (name, artist_id, date_added) values ('Whiteleaf Manzanita', 8, '2005-03-03');
insert into Album (name, artist_id, date_added) values ('Antilles Parmotremopsis', 9, '1997-03-03');
insert into Album (name, artist_id, date_added) values ('Blue Eyed Mary', 10, '2010-03-27');
insert into Album (name, artist_id, date_added) values ('Smallflower Clermontia', 11, '1975-02-10');
insert into Album (name, artist_id, date_added) values ('Brush Cherry', 12, '1993-12-28');
insert into Album (name, artist_id, date_added) values ('Thinsepal Monkeyflower', 13, '2006-08-08');
insert into Album (name, artist_id, date_added) values ('Pineland Valerian', 14, '1998-12-12');
insert into Album (name, artist_id, date_added) values ('Madieravine', 15, '2019-03-03');
insert into Album (name, artist_id, date_added) values ('Smallflower Phyllostegia', 16, '1963-05-01');
insert into Album (name, artist_id, date_added) values ('Longleaf Glorytree', 17, '2016-04-01');
insert into Album (name, artist_id, date_added) values ('Aromatic Indian Breadroot', 18, '1983-07-11');
insert into Album (name, artist_id, date_added) values ('Umbrellagrass', 19, '2014-06-10');
insert into Album (name, artist_id, date_added) values ('Lake Willow Dock', 20, '1982-11-29');
insert into Album (name, artist_id, date_added) values ('Mexican Ricegrass', 21, '1963-02-05');
insert into Album (name, artist_id, date_added) values ('Ramon', 22, '1999-01-15');
insert into Album (name, artist_id, date_added) values ('Scurfpea', 23, '1963-12-25');
insert into Album (name, artist_id, date_added) values ('Florida Ticktrefoil', 24, '1975-12-23');
insert into Album (name, artist_id, date_added) values ('Vervain', 25, '1996-12-20');
insert into Album (name, artist_id, date_added) values ('Hulumoa', 26, '2011-03-12');
insert into Album (name, artist_id, date_added) values ('Curvepod Milkvetch', 27, '2002-12-02');
insert into Album (name, artist_id, date_added) values ('Boreal Draba', 28, '1968-05-15');
insert into Album (name, artist_id, date_added) values ('Camphor Pluchea', 29, '1998-09-12');
insert into Album (name, artist_id, date_added) values ('Canoparmelia Lichen', 30, '1969-11-07');
insert into Album (name, artist_id, date_added) values ('Circumpolar Starwort', 31, '2009-11-27');
insert into Album (name, artist_id, date_added) values ('Hard Wallflower', 32, '2003-12-04');
insert into Album (name, artist_id, date_added) values ('Bog Labordia', 33, '2019-09-27');
insert into Album (name, artist_id, date_added) values ('Antifever Fontinalis Moss', 34, '1982-03-07');
insert into Album (name, artist_id, date_added) values ('Mountainheath', 35, '2011-01-30');
insert into Album (name, artist_id, date_added) values ('Bryum Moss', 36, '2020-08-21');
insert into Album (name, artist_id, date_added) values ('Koolau Range Beggarticks', 37, '2006-09-21');
insert into Album (name, artist_id, date_added) values ('Dwarf Spurge', 38, '1972-11-12');
insert into Album (name, artist_id, date_added) values ('Sea-fern Grass', 39, '1994-07-05');
insert into Album (name, artist_id, date_added) values ('Manybristle Chinchweed', 40, '1979-07-18');
insert into Album (name, artist_id, date_added) values ('Missouri Gourd', 41, '1980-03-13');
insert into Album (name, artist_id, date_added) values ('Littleflower Figwort', 42, '1995-07-09');
insert into Album (name, artist_id, date_added) values ('Buckwheat', 43, '1994-06-04');
insert into Album (name, artist_id, date_added) values ('Mediterranean Sweetclover', 44, '2000-04-11');
insert into Album (name, artist_id, date_added) values ('Rochester Hawthorn', 45, '1978-04-14');
insert into Album (name, artist_id, date_added) values ('Lance Fern', 46, '1996-09-17');
insert into Album (name, artist_id, date_added) values ('Ivyleaf Geranium', 47, '1992-01-23');
insert into Album (name, artist_id, date_added) values ('Alabama Pitcherplant', 48, '2016-01-09');
insert into Album (name, artist_id, date_added) values ('Hybrid Cypress', 49, '1968-05-25');
insert into Album (name, artist_id, date_added) values ('Bigleaf Lupine', 50, '1988-09-08');

insert into Song (title, album_id, artist_id, song_path, cover_path, uploaded_date, total_plays, total_likes) values ('Asian false vampire bat', 126, 45, null, null, '1981-01-28', 7497, 2011);
insert into Song (title, album_id, artist_id, song_path, cover_path, uploaded_date, total_plays, total_likes) values ('Kingfisher, white-throated', 12, 24, null, null, '1992-11-08', 4502, 1155);
insert into Song (title, album_id, artist_id, song_path, cover_path, uploaded_date, total_plays, total_likes) values ('Vulture, oriental white-backed', 47, 19, null, null, '1980-08-12', 5153, 371);
insert into Song (title, album_id, artist_id, song_path, cover_path, uploaded_date, total_plays, total_likes) values ('Stork, yellow-billed', 137, 46, null, null, '1969-10-29', 6324, 2465);
insert into Song (title, album_id, artist_id, song_path, cover_path, uploaded_date, total_plays, total_likes) values ('Bandicoot, short-nosed', 143, 9, null, null, '2016-05-18', 3082, 9918);
insert into Song (title, album_id, artist_id, song_path, cover_path, uploaded_date, total_plays, total_likes) values ('Steenbuck', 81, 44, null, null, '2007-06-18', 6233, 4614);
insert into Song (title, album_id, artist_id, song_path, cover_path, uploaded_date, total_plays, total_likes) values ('Grey heron', 87, 14, null, null, '2017-01-16', 9270, 8988);
insert into Song (title, album_id, artist_id, song_path, cover_path, uploaded_date, total_plays, total_likes) values ('Brown brocket', 116, 23, null, null, '1987-12-14', 485, 2743);
insert into Song (title, album_id, artist_id, song_path, cover_path, uploaded_date, total_plays, total_likes) values ('Two-toed tree sloth', 7, 32, null, null, '1967-02-18', 3385, 1928);
insert into Song (title, album_id, artist_id, song_path, cover_path, uploaded_date, total_plays, total_likes) values ('Lesser masked weaver', 51, 15, null, null, '2007-10-31', 5063, 9238);
insert into Song (title, album_id, artist_id, song_path, cover_path, uploaded_date, total_plays, total_likes) values ('Tawny frogmouth', 46, 19, null, null, '2019-04-21', 4013, 3198);
insert into Song (title, album_id, artist_id, song_path, cover_path, uploaded_date, total_plays, total_likes) values ('Magpie, black-backed', 2, 27, null, null, '1971-08-27', 5335, 4425);
insert into Song (title, album_id, artist_id, song_path, cover_path, uploaded_date, total_plays, total_likes) values ('Skunk, striped', 36, 6, null, null, '1984-06-14', 7896, 5683);
insert into Song (title, album_id, artist_id, song_path, cover_path, uploaded_date, total_plays, total_likes) values ('Deer, savannah', 108, 38, null, null, '1960-12-06', 6427, 7196);
insert into Song (title, album_id, artist_id, song_path, cover_path, uploaded_date, total_plays, total_likes) values ('Japanese macaque', 146, 11, null, null, '2021-12-27', 8750, 807);
insert into Song (title, album_id, artist_id, song_path, cover_path, uploaded_date, total_plays, total_likes) values ('Gull, lava', 24, 23, null, null, '1997-12-17', 7225, 5380);
insert into Song (title, album_id, artist_id, song_path, cover_path, uploaded_date, total_plays, total_likes) values ('Caracara, yellow-headed', 77, 39, null, null, '1978-08-29', 5068, 8239);
insert into Song (title, album_id, artist_id, song_path, cover_path, uploaded_date, total_plays, total_likes) values ('Pallas''s fish eagle', 104, 27, null, null, '2016-07-03', 9155, 5886);
insert into Song (title, album_id, artist_id, song_path, cover_path, uploaded_date, total_plays, total_likes) values ('Squirrel, richardson''s ground', 110, 4, null, null, '1970-07-25', 9862, 4904);
insert into Song (title, album_id, artist_id, song_path, cover_path, uploaded_date, total_plays, total_likes) values ('Buffalo, asian water', 130, 49, null, null, '1972-08-08', 3969, 7517);
insert into Song (title, album_id, artist_id, song_path, cover_path, uploaded_date, total_plays, total_likes) values ('Rat, arboral spiny', 120, 14, null, null, '2021-05-09', 2312, 7813);
insert into Song (title, album_id, artist_id, song_path, cover_path, uploaded_date, total_plays, total_likes) values ('Richardson''s ground squirrel', 115, 35, null, null, '2015-05-06', 3366, 2541);
insert into Song (title, album_id, artist_id, song_path, cover_path, uploaded_date, total_plays, total_likes) values ('Fairy penguin', 82, 19, null, null, '1979-09-17', 5214, 9698);
insert into Song (title, album_id, artist_id, song_path, cover_path, uploaded_date, total_plays, total_likes) values ('Tern, white-winged black', 3, 34, null, null, '1973-08-29', 8873, 6609);
insert into Song (title, album_id, artist_id, song_path, cover_path, uploaded_date, total_plays, total_likes) values ('Goldeneye, common', 100, 19, null, null, '2005-04-06', 3402, 5626);
insert into Song (title, album_id, artist_id, song_path, cover_path, uploaded_date, total_plays, total_likes) values ('Ring-tailed coatimundi', 77, 13, null, null, '2005-02-24', 5000, 1512);
insert into Song (title, album_id, artist_id, song_path, cover_path, uploaded_date, total_plays, total_likes) values ('Bateleur eagle', 63, 5, null, null, '1974-10-10', 4363, 8267);
insert into Song (title, album_id, artist_id, song_path, cover_path, uploaded_date, total_plays, total_likes) values ('Puma, south american', 113, 34, null, null, '1989-03-30', 6923, 1850);
insert into Song (title, album_id, artist_id, song_path, cover_path, uploaded_date, total_plays, total_likes) values ('Eagle, african fish', 62, 10, null, null, '1985-07-03', 5728, 1955);
insert into Song (title, album_id, artist_id, song_path, cover_path, uploaded_date, total_plays, total_likes) values ('Grouse, greater sage', 91, 4, null, null, '1969-07-10', 5237, 2319);
insert into Song (title, album_id, artist_id, song_path, cover_path, uploaded_date, total_plays, total_likes) values ('Civet, common palm', 80, 5, null, null, '2007-12-17', 4298, 8703);
insert into Song (title, album_id, artist_id, song_path, cover_path, uploaded_date, total_plays, total_likes) values ('Goat, mountain', 88, 2, null, null, '1995-12-03', 7012, 7640);
insert into Song (title, album_id, artist_id, song_path, cover_path, uploaded_date, total_plays, total_likes) values ('Common mynah', 31, 45, null, null, '1971-03-22', 8933, 3135);
insert into Song (title, album_id, artist_id, song_path, cover_path, uploaded_date, total_plays, total_likes) values ('Crane, blue', 108, 44, null, null, '1963-11-11', 6668, 6520);
insert into Song (title, album_id, artist_id, song_path, cover_path, uploaded_date, total_plays, total_likes) values ('Alligator, mississippi', 59, 36, null, null, '2013-10-24', 7877, 6792);
insert into Song (title, album_id, artist_id, song_path, cover_path, uploaded_date, total_plays, total_likes) values ('Gila monster', 137, 30, null, null, '1968-09-24', 2447, 6164);
insert into Song (title, album_id, artist_id, song_path, cover_path, uploaded_date, total_plays, total_likes) values ('White-cheeked pintail', 132, 28, null, null, '1973-04-02', 9377, 6463);
insert into Song (title, album_id, artist_id, song_path, cover_path, uploaded_date, total_plays, total_likes) values ('Cook''s tree boa', 112, 49, null, null, '1999-01-07', 7029, 9870);
insert into Song (title, album_id, artist_id, song_path, cover_path, uploaded_date, total_plays, total_likes) values ('Chestnut weaver', 127, 21, null, null, '2007-10-30', 9896, 5731);
insert into Song (title, album_id, artist_id, song_path, cover_path, uploaded_date, total_plays, total_likes) values ('Orca', 125, 24, null, null, '2013-01-15', 7569, 6974);
insert into Song (title, album_id, artist_id, song_path, cover_path, uploaded_date, total_plays, total_likes) values ('African red-eyed bulbul', 71, 22, null, null, '1972-01-06', 4633, 781);
insert into Song (title, album_id, artist_id, song_path, cover_path, uploaded_date, total_plays, total_likes) values ('Waterbuck, defassa', 147, 19, null, null, '2010-04-10', 1570, 8788);
insert into Song (title, album_id, artist_id, song_path, cover_path, uploaded_date, total_plays, total_likes) values ('Downy woodpecker', 3, 15, null, null, '2012-03-31', 7008, 9866);
insert into Song (title, album_id, artist_id, song_path, cover_path, uploaded_date, total_plays, total_likes) values ('White-tailed jackrabbit', 122, 47, null, null, '1990-04-09', 2088, 6405);
insert into Song (title, album_id, artist_id, song_path, cover_path, uploaded_date, total_plays, total_likes) values ('Potoroo', 91, 38, null, null, '2010-10-16', 5370, 6477);
insert into Song (title, album_id, artist_id, song_path, cover_path, uploaded_date, total_plays, total_likes) values ('Toddy cat', 65, 4, null, null, '1970-05-25', 2207, 7192);
insert into Song (title, album_id, artist_id, song_path, cover_path, uploaded_date, total_plays, total_likes) values ('Emu', 69, 25, null, null, '1986-01-11', 3957, 5199);
insert into Song (title, album_id, artist_id, song_path, cover_path, uploaded_date, total_plays, total_likes) values ('Turtle (unidentified)', 70, 21, null, null, '1995-09-14', 3355, 3573);
insert into Song (title, album_id, artist_id, song_path, cover_path, uploaded_date, total_plays, total_likes) values ('Red meerkat', 11, 43, null, null, '1988-11-26', 5822, 6420);
insert into Song (title, album_id, artist_id, song_path, cover_path, uploaded_date, total_plays, total_likes) values ('Flightless cormorant', 46, 15, null, null, '1975-08-02', 7431, 2092);
insert into Song (title, album_id, artist_id, song_path, cover_path, uploaded_date, total_plays, total_likes) values ('Sidewinder', 86, 19, null, null, '1970-02-27', 6306, 2754);
insert into Song (title, album_id, artist_id, song_path, cover_path, uploaded_date, total_plays, total_likes) values ('Lily trotter', 91, 36, null, null, '1973-03-07', 2595, 256);
insert into Song (title, album_id, artist_id, song_path, cover_path, uploaded_date, total_plays, total_likes) values ('Australian pelican', 20, 50, null, null, '1974-02-23', 9910, 3981);
insert into Song (title, album_id, artist_id, song_path, cover_path, uploaded_date, total_plays, total_likes) values ('Oriental white-backed vulture', 50, 20, null, null, '2004-08-29', 263, 4899);
insert into Song (title, album_id, artist_id, song_path, cover_path, uploaded_date, total_plays, total_likes) values ('Sarus crane', 49, 3, null, null, '1963-03-15', 3551, 8226);
insert into Song (title, album_id, artist_id, song_path, cover_path, uploaded_date, total_plays, total_likes) values ('Two-toed sloth', 92, 14, null, null, '1963-02-25', 3780, 2917);
insert into Song (title, album_id, artist_id, song_path, cover_path, uploaded_date, total_plays, total_likes) values ('Gambel''s quail', 132, 46, null, null, '1975-09-03', 2246, 1625);
insert into Song (title, album_id, artist_id, song_path, cover_path, uploaded_date, total_plays, total_likes) values ('Dove, laughing', 122, 44, null, null, '1969-06-20', 4690, 4940);
insert into Song (title, album_id, artist_id, song_path, cover_path, uploaded_date, total_plays, total_likes) values ('Stork, openbill', 18, 18, null, null, '2015-09-21', 5500, 3986);
insert into Song (title, album_id, artist_id, song_path, cover_path, uploaded_date, total_plays, total_likes) values ('Crab, sally lightfoot', 85, 36, null, null, '1992-12-22', 4510, 4460);
insert into Song (title, album_id, artist_id, song_path, cover_path, uploaded_date, total_plays, total_likes) values ('South American sea lion', 83, 7, null, null, '2002-02-22', 4962, 4635);
insert into Song (title, album_id, artist_id, song_path, cover_path, uploaded_date, total_plays, total_likes) values ('Black-backed magpie', 139, 29, null, null, '1987-03-17', 9192, 9300);
insert into Song (title, album_id, artist_id, song_path, cover_path, uploaded_date, total_plays, total_likes) values ('Horned rattlesnake', 17, 36, null, null, '1999-05-19', 544, 8093);
insert into Song (title, album_id, artist_id, song_path, cover_path, uploaded_date, total_plays, total_likes) values ('Grenadier, common', 7, 42, null, null, '2015-02-21', 3531, 549);
insert into Song (title, album_id, artist_id, song_path, cover_path, uploaded_date, total_plays, total_likes) values ('Kangaroo, brush-tailed rat', 138, 32, null, null, '1979-01-05', 8600, 4336);
insert into Song (title, album_id, artist_id, song_path, cover_path, uploaded_date, total_plays, total_likes) values ('Denham''s bustard', 5, 50, null, null, '2009-11-29', 6515, 5484);
insert into Song (title, album_id, artist_id, song_path, cover_path, uploaded_date, total_plays, total_likes) values ('Squirrel, red', 104, 9, null, null, '1979-12-18', 4589, 7475);
insert into Song (title, album_id, artist_id, song_path, cover_path, uploaded_date, total_plays, total_likes) values ('Malay squirrel (unidentified)', 67, 2, null, null, '1984-03-11', 279, 6008);
insert into Song (title, album_id, artist_id, song_path, cover_path, uploaded_date, total_plays, total_likes) values ('Badger, eurasian', 95, 21, null, null, '2021-01-02', 129, 8830);
insert into Song (title, album_id, artist_id, song_path, cover_path, uploaded_date, total_plays, total_likes) values ('Bush dog', 26, 34, null, null, '1988-02-21', 7425, 1468);
insert into Song (title, album_id, artist_id, song_path, cover_path, uploaded_date, total_plays, total_likes) values ('Boa, emerald green tree', 61, 42, null, null, '1993-01-03', 4050, 2354);
insert into Song (title, album_id, artist_id, song_path, cover_path, uploaded_date, total_plays, total_likes) values ('Red-billed buffalo weaver', 17, 13, null, null, '2018-06-20', 1582, 9314);
insert into Song (title, album_id, artist_id, song_path, cover_path, uploaded_date, total_plays, total_likes) values ('Flycatcher, tyrant', 90, 36, null, null, '2004-02-22', 9095, 4977);
insert into Song (title, album_id, artist_id, song_path, cover_path, uploaded_date, total_plays, total_likes) values ('Small Indian mongoose', 123, 27, null, null, '2022-02-16', 8958, 7082);
insert into Song (title, album_id, artist_id, song_path, cover_path, uploaded_date, total_plays, total_likes) values ('Secretary bird', 143, 23, null, null, '2010-02-09', 6583, 4304);
insert into Song (title, album_id, artist_id, song_path, cover_path, uploaded_date, total_plays, total_likes) values ('Genet, small-spotted', 66, 1, null, null, '1970-07-30', 277, 1309);
insert into Song (title, album_id, artist_id, song_path, cover_path, uploaded_date, total_plays, total_likes) values ('Owl, white-browed', 137, 1, null, null, '2015-09-21', 3598, 9538);
insert into Song (title, album_id, artist_id, song_path, cover_path, uploaded_date, total_plays, total_likes) values ('Dolphin, bottle-nose', 114, 3, null, null, '1971-06-17', 3023, 5105);
insert into Song (title, album_id, artist_id, song_path, cover_path, uploaded_date, total_plays, total_likes) values ('Duiker, common', 57, 17, null, null, '1980-04-28', 7728, 5608);
insert into Song (title, album_id, artist_id, song_path, cover_path, uploaded_date, total_plays, total_likes) values ('Insect, stick', 60, 34, null, null, '1992-07-08', 372, 9784);
insert into Song (title, album_id, artist_id, song_path, cover_path, uploaded_date, total_plays, total_likes) values ('Brush-tailed rat kangaroo', 13, 28, null, null, '1982-11-30', 3663, 8126);
insert into Song (title, album_id, artist_id, song_path, cover_path, uploaded_date, total_plays, total_likes) values ('Woodcock, american', 80, 35, null, null, '1999-08-28', 4467, 8045);
insert into Song (title, album_id, artist_id, song_path, cover_path, uploaded_date, total_plays, total_likes) values ('Marshbird, brown and yellow', 99, 37, null, null, '1963-01-12', 412, 4944);
insert into Song (title, album_id, artist_id, song_path, cover_path, uploaded_date, total_plays, total_likes) values ('Dragon, netted rock', 136, 48, null, null, '1984-09-25', 7158, 1297);
insert into Song (title, album_id, artist_id, song_path, cover_path, uploaded_date, total_plays, total_likes) values ('Three-banded plover', 25, 15, null, null, '2017-06-13', 4696, 1465);
insert into Song (title, album_id, artist_id, song_path, cover_path, uploaded_date, total_plays, total_likes) values ('Common goldeneye', 81, 39, null, null, '1996-03-03', 7381, 8142);
insert into Song (title, album_id, artist_id, song_path, cover_path, uploaded_date, total_plays, total_likes) values ('Bulbul, black-eyed', 65, 23, null, null, '2015-08-17', 794, 2703);
insert into Song (title, album_id, artist_id, song_path, cover_path, uploaded_date, total_plays, total_likes) values ('Drongo, fork-tailed', 118, 42, null, null, '2022-09-25', 1637, 8833);
insert into Song (title, album_id, artist_id, song_path, cover_path, uploaded_date, total_plays, total_likes) values ('Bandicoot, long-nosed', 90, 8, null, null, '1980-10-08', 2399, 246);
insert into Song (title, album_id, artist_id, song_path, cover_path, uploaded_date, total_plays, total_likes) values ('Seal, southern elephant', 137, 6, null, null, '1988-09-29', 6860, 4103);
insert into Song (title, album_id, artist_id, song_path, cover_path, uploaded_date, total_plays, total_likes) values ('Rainbow lory', 68, 10, null, null, '1966-10-20', 5257, 3423);
insert into Song (title, album_id, artist_id, song_path, cover_path, uploaded_date, total_plays, total_likes) values ('Galapagos penguin', 146, 11, null, null, '2022-08-17', 2240, 2624);
insert into Song (title, album_id, artist_id, song_path, cover_path, uploaded_date, total_plays, total_likes) values ('Hen, sage', 20, 15, null, null, '1979-10-08', 5054, 1752);
insert into Song (title, album_id, artist_id, song_path, cover_path, uploaded_date, total_plays, total_likes) values ('Coqui francolin', 84, 23, null, null, '2012-03-11', 268, 105);
insert into Song (title, album_id, artist_id, song_path, cover_path, uploaded_date, total_plays, total_likes) values ('Carpet python', 130, 26, null, null, '1974-02-11', 677, 1598);
insert into Song (title, album_id, artist_id, song_path, cover_path, uploaded_date, total_plays, total_likes) values ('Jackal, indian', 149, 15, null, null, '1964-01-16', 2031, 4424);
insert into Song (title, album_id, artist_id, song_path, cover_path, uploaded_date, total_plays, total_likes) values ('Violet-crested turaco', 6, 5, null, null, '1963-07-15', 4545, 7399);
insert into Song (title, album_id, artist_id, song_path, cover_path, uploaded_date, total_plays, total_likes) values ('Elephant, african', 131, 49, null, null, '1965-09-06', 2089, 2798);
insert into Song (title, album_id, artist_id, song_path, cover_path, uploaded_date, total_plays, total_likes) values ('Common melba finch', 67, 27, null, null, '1976-03-10', 3353, 4838);
insert into Song (title, album_id, artist_id, song_path, cover_path, uploaded_date, total_plays, total_likes) values ('Colobus, black and white', 128, 31, null, null, '1981-01-14', 132, 645);
insert into Song (title, album_id, artist_id, song_path, cover_path, uploaded_date, total_plays, total_likes) values ('Shrike, southern white-crowned', 46, 20, null, null, '2021-08-12', 758, 3948);
insert into Song (title, album_id, artist_id, song_path, cover_path, uploaded_date, total_plays, total_likes) values ('Potoroo', 39, 6, null, null, '1979-01-08', 7633, 7531);
insert into Song (title, album_id, artist_id, song_path, cover_path, uploaded_date, total_plays, total_likes) values ('Bustard, denham''s', 28, 2, null, null, '1995-02-24', 4508, 6774);
insert into Song (title, album_id, artist_id, song_path, cover_path, uploaded_date, total_plays, total_likes) values ('Bear, polar', 48, 33, null, null, '1961-08-04', 4429, 1955);
insert into Song (title, album_id, artist_id, song_path, cover_path, uploaded_date, total_plays, total_likes) values ('Ring-tailed possum', 35, 4, null, null, '1992-04-01', 5874, 8142);
insert into Song (title, album_id, artist_id, song_path, cover_path, uploaded_date, total_plays, total_likes) values ('Barbet, black-collared', 35, 21, null, null, '1961-10-19', 9412, 6132);
insert into Song (title, album_id, artist_id, song_path, cover_path, uploaded_date, total_plays, total_likes) values ('Pale white-eye', 46, 32, null, null, '2021-07-17', 4717, 8892);
insert into Song (title, album_id, artist_id, song_path, cover_path, uploaded_date, total_plays, total_likes) values ('Chuckwalla', 131, 45, null, null, '1985-11-25', 8938, 1897);
insert into Song (title, album_id, artist_id, song_path, cover_path, uploaded_date, total_plays, total_likes) values ('Black-capped chickadee', 133, 19, null, null, '1967-10-10', 7612, 8303);
insert into Song (title, album_id, artist_id, song_path, cover_path, uploaded_date, total_plays, total_likes) values ('White-necked raven', 14, 15, null, null, '2017-10-01', 1395, 8493);
insert into Song (title, album_id, artist_id, song_path, cover_path, uploaded_date, total_plays, total_likes) values ('Raccoon dog', 1, 21, null, null, '2013-07-10', 5614, 4325);
insert into Song (title, album_id, artist_id, song_path, cover_path, uploaded_date, total_plays, total_likes) values ('Fisher', 89, 37, null, null, '1967-01-19', 2108, 1340);
insert into Song (title, album_id, artist_id, song_path, cover_path, uploaded_date, total_plays, total_likes) values ('Dove, mourning collared', 85, 48, null, null, '1983-11-26', 2786, 5901);
insert into Song (title, album_id, artist_id, song_path, cover_path, uploaded_date, total_plays, total_likes) values ('Verreaux''s sifaka', 45, 41, null, null, '1975-06-20', 9811, 8013);
insert into Song (title, album_id, artist_id, song_path, cover_path, uploaded_date, total_plays, total_likes) values ('Vulture, lappet-faced', 127, 39, null, null, '2006-01-09', 1700, 5515);
insert into Song (title, album_id, artist_id, song_path, cover_path, uploaded_date, total_plays, total_likes) values ('White-rumped vulture', 73, 50, null, null, '1990-03-15', 998, 622);
insert into Song (title, album_id, artist_id, song_path, cover_path, uploaded_date, total_plays, total_likes) values ('African darter', 66, 29, null, null, '1990-05-11', 2689, 5644);
insert into Song (title, album_id, artist_id, song_path, cover_path, uploaded_date, total_plays, total_likes) values ('Oryx, fringe-eared', 81, 15, null, null, '1999-02-06', 1457, 7139);
insert into Song (title, album_id, artist_id, song_path, cover_path, uploaded_date, total_plays, total_likes) values ('Otter, north american river', 16, 43, null, null, '1984-02-22', 1103, 2065);
insert into Song (title, album_id, artist_id, song_path, cover_path, uploaded_date, total_plays, total_likes) values ('Whip-tailed wallaby', 28, 35, null, null, '1963-02-12', 8842, 5337);
insert into Song (title, album_id, artist_id, song_path, cover_path, uploaded_date, total_plays, total_likes) values ('Violet-crested turaco', 26, 29, null, null, '2016-01-28', 9983, 48);
insert into Song (title, album_id, artist_id, song_path, cover_path, uploaded_date, total_plays, total_likes) values ('Canadian river otter', 52, 22, null, null, '1969-03-05', 2764, 4236);
insert into Song (title, album_id, artist_id, song_path, cover_path, uploaded_date, total_plays, total_likes) values ('Marshbird, brown and yellow', 118, 5, null, null, '2000-04-24', 5597, 4758);
insert into Song (title, album_id, artist_id, song_path, cover_path, uploaded_date, total_plays, total_likes) values ('Lily trotter', 88, 14, null, null, '1971-08-30', 3775, 3567);
insert into Song (title, album_id, artist_id, song_path, cover_path, uploaded_date, total_plays, total_likes) values ('Red-knobbed coot', 60, 4, null, null, '1971-03-24', 1499, 9950);
insert into Song (title, album_id, artist_id, song_path, cover_path, uploaded_date, total_plays, total_likes) values ('Klipspringer', 47, 38, null, null, '1988-09-30', 4495, 2280);
insert into Song (title, album_id, artist_id, song_path, cover_path, uploaded_date, total_plays, total_likes) values ('Oriental short-clawed otter', 137, 27, null, null, '1961-08-29', 6617, 1611);
insert into Song (title, album_id, artist_id, song_path, cover_path, uploaded_date, total_plays, total_likes) values ('Horned rattlesnake', 6, 20, null, null, '1972-11-10', 4049, 1537);
insert into Song (title, album_id, artist_id, song_path, cover_path, uploaded_date, total_plays, total_likes) values ('Javanese cormorant', 89, 18, null, null, '1970-06-02', 4047, 5792);
insert into Song (title, album_id, artist_id, song_path, cover_path, uploaded_date, total_plays, total_likes) values ('Tern, royal', 19, 1, null, null, '2002-08-28', 5099, 8158);
insert into Song (title, album_id, artist_id, song_path, cover_path, uploaded_date, total_plays, total_likes) values ('Rattlesnake, eastern diamondback', 129, 9, null, null, '2009-11-06', 7409, 1061);
insert into Song (title, album_id, artist_id, song_path, cover_path, uploaded_date, total_plays, total_likes) values ('Blue shark', 79, 4, null, null, '2016-09-20', 2928, 522);
insert into Song (title, album_id, artist_id, song_path, cover_path, uploaded_date, total_plays, total_likes) values ('Capuchin, white-fronted', 92, 40, null, null, '1976-03-07', 4910, 9426);
insert into Song (title, album_id, artist_id, song_path, cover_path, uploaded_date, total_plays, total_likes) values ('Openbill, asian', 150, 27, null, null, '2021-10-02', 3789, 8867);
insert into Song (title, album_id, artist_id, song_path, cover_path, uploaded_date, total_plays, total_likes) values ('Blesbok', 30, 31, null, null, '1979-04-08', 5584, 2240);
insert into Song (title, album_id, artist_id, song_path, cover_path, uploaded_date, total_plays, total_likes) values ('Oryx, fringe-eared', 7, 48, null, null, '1973-05-12', 5946, 6374);
insert into Song (title, album_id, artist_id, song_path, cover_path, uploaded_date, total_plays, total_likes) values ('Cape white-eye', 105, 32, null, null, '2019-03-14', 2286, 5211);
insert into Song (title, album_id, artist_id, song_path, cover_path, uploaded_date, total_plays, total_likes) values ('Chuckwalla', 27, 40, null, null, '2017-04-03', 7439, 3450);
insert into Song (title, album_id, artist_id, song_path, cover_path, uploaded_date, total_plays, total_likes) values ('Darwin ground finch (unidentified)', 123, 39, null, null, '1999-03-31', 7469, 956);
insert into Song (title, album_id, artist_id, song_path, cover_path, uploaded_date, total_plays, total_likes) values ('Asian water dragon', 112, 29, null, null, '1973-08-09', 1895, 2494);
insert into Song (title, album_id, artist_id, song_path, cover_path, uploaded_date, total_plays, total_likes) values ('Lemur, lesser mouse', 6, 6, null, null, '2011-04-02', 6081, 4742);
insert into Song (title, album_id, artist_id, song_path, cover_path, uploaded_date, total_plays, total_likes) values ('Puma, south american', 110, 27, null, null, '1967-08-24', 6090, 8128);
insert into Song (title, album_id, artist_id, song_path, cover_path, uploaded_date, total_plays, total_likes) values ('Eurasian hoopoe', 67, 8, null, null, '2010-12-24', 7812, 2102);
insert into Song (title, album_id, artist_id, song_path, cover_path, uploaded_date, total_plays, total_likes) values ('Skua, long-tailed', 115, 39, null, null, '1997-01-24', 6891, 6539);
insert into Song (title, album_id, artist_id, song_path, cover_path, uploaded_date, total_plays, total_likes) values ('South American sea lion', 19, 34, null, null, '2002-03-29', 5647, 4280);
insert into Song (title, album_id, artist_id, song_path, cover_path, uploaded_date, total_plays, total_likes) values ('Platypus', 90, 38, null, null, '1975-07-25', 9201, 7380);
insert into Song (title, album_id, artist_id, song_path, cover_path, uploaded_date, total_plays, total_likes) values ('Least chipmunk', 18, 10, null, null, '1979-08-14', 8749, 3735);
insert into Song (title, album_id, artist_id, song_path, cover_path, uploaded_date, total_plays, total_likes) values ('Javan gold-spotted mongoose', 137, 5, null, null, '2000-08-02', 868, 6453);
insert into Song (title, album_id, artist_id, song_path, cover_path, uploaded_date, total_plays, total_likes) values ('Gray duiker', 2, 42, null, null, '1985-10-01', 9495, 8726);
insert into Song (title, album_id, artist_id, song_path, cover_path, uploaded_date, total_plays, total_likes) values ('Mockingbird, galapagos', 77, 14, null, null, '1981-08-25', 7731, 5731);
insert into Song (title, album_id, artist_id, song_path, cover_path, uploaded_date, total_plays, total_likes) values ('Boat-billed heron', 96, 41, null, null, '2021-12-10', 5602, 7332);
insert into Song (title, album_id, artist_id, song_path, cover_path, uploaded_date, total_plays, total_likes) values ('Elk, Wapiti', 20, 10, null, null, '1973-04-14', 3982, 4244);
insert into Song (title, album_id, artist_id, song_path, cover_path, uploaded_date, total_plays, total_likes) values ('Australian spiny anteater', 38, 29, null, null, '2015-08-15', 9230, 1454);
insert into Song (title, album_id, artist_id, song_path, cover_path, uploaded_date, total_plays, total_likes) values ('Thomson''s gazelle', 7, 45, null, null, '1968-05-08', 4179, 8384);
insert into Song (title, album_id, artist_id, song_path, cover_path, uploaded_date, total_plays, total_likes) values ('Lava gull', 20, 18, null, null, '1986-04-19', 8021, 3301);
insert into Song (title, album_id, artist_id, song_path, cover_path, uploaded_date, total_plays, total_likes) values ('Crowned eagle', 46, 17, null, null, '2017-07-15', 9790, 3532);
insert into Song (title, album_id, artist_id, song_path, cover_path, uploaded_date, total_plays, total_likes) values ('Stork, white', 44, 38, null, null, '1963-05-16', 9326, 6193);
insert into Song (title, album_id, artist_id, song_path, cover_path, uploaded_date, total_plays, total_likes) values ('Red sheep', 6, 18, null, null, '1987-03-04', 9378, 8750);
insert into Song (title, album_id, artist_id, song_path, cover_path, uploaded_date, total_plays, total_likes) values ('Common zebra', 143, 38, null, null, '1964-06-01', 8156, 9808);
insert into Song (title, album_id, artist_id, song_path, cover_path, uploaded_date, total_plays, total_likes) values ('Grenadier, purple', 46, 24, null, null, '2016-01-26', 860, 2824);
insert into Song (title, album_id, artist_id, song_path, cover_path, uploaded_date, total_plays, total_likes) values ('Sociable weaver', 94, 49, null, null, '2011-04-10', 6275, 6911);
insert into Song (title, album_id, artist_id, song_path, cover_path, uploaded_date, total_plays, total_likes) values ('Tarantula', 59, 2, null, null, '1982-12-12', 7526, 2470);
insert into Song (title, album_id, artist_id, song_path, cover_path, uploaded_date, total_plays, total_likes) values ('Possum, western pygmy', 81, 35, null, null, '2000-06-04', 4755, 6526);
insert into Song (title, album_id, artist_id, song_path, cover_path, uploaded_date, total_plays, total_likes) values ('Rufous tree pie', 88, 20, null, null, '1975-06-06', 9140, 6693);
insert into Song (title, album_id, artist_id, song_path, cover_path, uploaded_date, total_plays, total_likes) values ('Siskin, pine', 72, 48, null, null, '1967-06-15', 561, 89);
insert into Song (title, album_id, artist_id, song_path, cover_path, uploaded_date, total_plays, total_likes) values ('Goose, snow', 63, 31, null, null, '1973-10-14', 3146, 1338);
insert into Song (title, album_id, artist_id, song_path, cover_path, uploaded_date, total_plays, total_likes) values ('Indian leopard', 71, 30, null, null, '1961-07-07', 2714, 5493);
insert into Song (title, album_id, artist_id, song_path, cover_path, uploaded_date, total_plays, total_likes) values ('Seven-banded armadillo', 43, 48, null, null, '1998-04-27', 2654, 6450);
insert into Song (title, album_id, artist_id, song_path, cover_path, uploaded_date, total_plays, total_likes) values ('White-necked stork', 37, 4, null, null, '2000-12-12', 6244, 6261);
insert into Song (title, album_id, artist_id, song_path, cover_path, uploaded_date, total_plays, total_likes) values ('Sloth, two-toed tree', 110, 44, null, null, '1982-06-05', 6423, 6568);
insert into Song (title, album_id, artist_id, song_path, cover_path, uploaded_date, total_plays, total_likes) values ('Yellow-crowned night heron', 113, 23, null, null, '1984-03-11', 7822, 9707);
insert into Song (title, album_id, artist_id, song_path, cover_path, uploaded_date, total_plays, total_likes) values ('Dusky rattlesnake', 102, 42, null, null, '1979-09-27', 3217, 1274);
insert into Song (title, album_id, artist_id, song_path, cover_path, uploaded_date, total_plays, total_likes) values ('Western pygmy possum', 20, 13, null, null, '2020-08-16', 2600, 1100);
insert into Song (title, album_id, artist_id, song_path, cover_path, uploaded_date, total_plays, total_likes) values ('Arctic ground squirrel', 124, 33, null, null, '1989-04-21', 8469, 6648);
insert into Song (title, album_id, artist_id, song_path, cover_path, uploaded_date, total_plays, total_likes) values ('Deer, spotted', 148, 38, null, null, '1973-11-06', 4843, 5712);
insert into Song (title, album_id, artist_id, song_path, cover_path, uploaded_date, total_plays, total_likes) values ('Bushpig', 20, 48, null, null, '1999-03-25', 8714, 7837);
insert into Song (title, album_id, artist_id, song_path, cover_path, uploaded_date, total_plays, total_likes) values ('Olive baboon', 60, 15, null, null, '1991-05-20', 2923, 713);
insert into Song (title, album_id, artist_id, song_path, cover_path, uploaded_date, total_plays, total_likes) values ('Fox, grey', 114, 36, null, null, '2008-09-19', 8252, 903);
insert into Song (title, album_id, artist_id, song_path, cover_path, uploaded_date, total_plays, total_likes) values ('Kinkajou', 72, 30, null, null, '2007-10-10', 7172, 207);
insert into Song (title, album_id, artist_id, song_path, cover_path, uploaded_date, total_plays, total_likes) values ('Bee-eater, nubian', 71, 48, null, null, '2013-12-07', 5357, 9189);
insert into Song (title, album_id, artist_id, song_path, cover_path, uploaded_date, total_plays, total_likes) values ('Dog, african wild', 28, 37, null, null, '2021-12-18', 4477, 5114);
insert into Song (title, album_id, artist_id, song_path, cover_path, uploaded_date, total_plays, total_likes) values ('Yellow-bellied marmot', 58, 4, null, null, '2013-03-18', 3354, 5765);
insert into Song (title, album_id, artist_id, song_path, cover_path, uploaded_date, total_plays, total_likes) values ('Indian giant squirrel', 93, 33, null, null, '1964-04-29', 5903, 5553);
insert into Song (title, album_id, artist_id, song_path, cover_path, uploaded_date, total_plays, total_likes) values ('Carpet python', 96, 16, null, null, '1995-03-30', 3913, 928);
insert into Song (title, album_id, artist_id, song_path, cover_path, uploaded_date, total_plays, total_likes) values ('Opossum, american virginia', 49, 31, null, null, '2018-08-30', 1406, 2194);
insert into Song (title, album_id, artist_id, song_path, cover_path, uploaded_date, total_plays, total_likes) values ('Cormorant, neotropic', 33, 23, null, null, '2007-03-09', 5393, 2064);
insert into Song (title, album_id, artist_id, song_path, cover_path, uploaded_date, total_plays, total_likes) values ('Blackbuck', 12, 3, null, null, '1992-04-24', 5151, 8751);
insert into Song (title, album_id, artist_id, song_path, cover_path, uploaded_date, total_plays, total_likes) values ('Indian mynah', 63, 43, null, null, '1986-08-22', 8426, 1179);
insert into Song (title, album_id, artist_id, song_path, cover_path, uploaded_date, total_plays, total_likes) values ('Secretary bird', 134, 18, null, null, '1990-07-24', 4317, 1634);
insert into Song (title, album_id, artist_id, song_path, cover_path, uploaded_date, total_plays, total_likes) values ('Silver-backed jackal', 133, 47, null, null, '1966-06-03', 9103, 9320);
insert into Song (title, album_id, artist_id, song_path, cover_path, uploaded_date, total_plays, total_likes) values ('Kelp gull', 31, 47, null, null, '1994-03-07', 1433, 9241);
insert into Song (title, album_id, artist_id, song_path, cover_path, uploaded_date, total_plays, total_likes) values ('Puma, south american', 40, 37, null, null, '2004-07-01', 6474, 3150);
insert into Song (title, album_id, artist_id, song_path, cover_path, uploaded_date, total_plays, total_likes) values ('Springbuck', 130, 26, null, null, '2013-03-31', 9081, 2746);
insert into Song (title, album_id, artist_id, song_path, cover_path, uploaded_date, total_plays, total_likes) values ('Armadillo, giant', 121, 39, null, null, '2010-08-22', 7563, 4764);
insert into Song (title, album_id, artist_id, song_path, cover_path, uploaded_date, total_plays, total_likes) values ('Australian sea lion', 78, 15, null, null, '1982-12-18', 3716, 5458);
insert into Song (title, album_id, artist_id, song_path, cover_path, uploaded_date, total_plays, total_likes) values ('Hen, sage', 84, 18, null, null, '1967-03-01', 6217, 2964);
insert into Song (title, album_id, artist_id, song_path, cover_path, uploaded_date, total_plays, total_likes) values ('Cape white-eye', 42, 39, null, null, '1998-08-12', 1278, 7546);
insert into Song (title, album_id, artist_id, song_path, cover_path, uploaded_date, total_plays, total_likes) values ('Black kite', 18, 17, null, null, '1985-06-28', 3648, 2804);
insert into Song (title, album_id, artist_id, song_path, cover_path, uploaded_date, total_plays, total_likes) values ('Klipspringer', 134, 14, null, null, '2003-08-30', 5367, 5358);
insert into Song (title, album_id, artist_id, song_path, cover_path, uploaded_date, total_plays, total_likes) values ('Curve-billed thrasher', 85, 31, null, null, '1976-06-17', 2401, 9346);
insert into Song (title, album_id, artist_id, song_path, cover_path, uploaded_date, total_plays, total_likes) values ('Defassa waterbuck', 113, 17, null, null, '2005-05-02', 6565, 8559);
insert into Song (title, album_id, artist_id, song_path, cover_path, uploaded_date, total_plays, total_likes) values ('Snowy owl', 44, 17, null, null, '2005-02-18', 5258, 5868);
insert into Song (title, album_id, artist_id, song_path, cover_path, uploaded_date, total_plays, total_likes) values ('Indian mynah', 86, 35, null, null, '1981-05-13', 8494, 4019);
insert into Song (title, album_id, artist_id, song_path, cover_path, uploaded_date, total_plays, total_likes) values ('Spur-winged goose', 146, 21, null, null, '1967-08-29', 3516, 4877);
insert into Song (title, album_id, artist_id, song_path, cover_path, uploaded_date, total_plays, total_likes) values ('Monitor, white-throated', 30, 26, null, null, '1990-04-29', 7120, 971);
insert into Song (title, album_id, artist_id, song_path, cover_path, uploaded_date, total_plays, total_likes) values ('Burmese brown mountain tortoise', 39, 2, null, null, '2011-04-04', 3112, 8467);
insert into Song (title, album_id, artist_id, song_path, cover_path, uploaded_date, total_plays, total_likes) values ('Giant anteater', 127, 37, null, null, '1993-08-14', 7016, 5215);
insert into Song (title, album_id, artist_id, song_path, cover_path, uploaded_date, total_plays, total_likes) values ('Sage hen', 136, 12, null, null, '1975-01-27', 4655, 974);
insert into Song (title, album_id, artist_id, song_path, cover_path, uploaded_date, total_plays, total_likes) values ('Robin, white-throated', 140, 45, null, null, '1984-11-09', 1496, 4500);
insert into Song (title, album_id, artist_id, song_path, cover_path, uploaded_date, total_plays, total_likes) values ('Gecko, barking', 120, 44, null, null, '2011-09-27', 57, 5459);
insert into Song (title, album_id, artist_id, song_path, cover_path, uploaded_date, total_plays, total_likes) values ('Yellow mongoose', 107, 12, null, null, '2003-03-12', 4013, 4849);
insert into Song (title, album_id, artist_id, song_path, cover_path, uploaded_date, total_plays, total_likes) values ('Snake-necked turtle', 34, 10, null, null, '2008-04-21', 6700, 5647);
insert into Song (title, album_id, artist_id, song_path, cover_path, uploaded_date, total_plays, total_likes) values ('Mocking cliffchat', 121, 7, null, null, '2015-06-30', 3505, 1109);
insert into Song (title, album_id, artist_id, song_path, cover_path, uploaded_date, total_plays, total_likes) values ('Fox, pampa gray', 36, 29, null, null, '2020-06-16', 3144, 2792);
insert into Song (title, album_id, artist_id, song_path, cover_path, uploaded_date, total_plays, total_likes) values ('House sparrow', 125, 11, null, null, '1973-05-25', 121, 8055);
insert into Song (title, album_id, artist_id, song_path, cover_path, uploaded_date, total_plays, total_likes) values ('Stork, marabou', 13, 45, null, null, '1989-10-26', 6571, 8336);
insert into Song (title, album_id, artist_id, song_path, cover_path, uploaded_date, total_plays, total_likes) values ('Vulture, griffon', 17, 2, null, null, '1999-06-06', 3615, 6795);
insert into Song (title, album_id, artist_id, song_path, cover_path, uploaded_date, total_plays, total_likes) values ('Hippopotamus', 35, 50, null, null, '2010-08-22', 5777, 9548);
insert into Song (title, album_id, artist_id, song_path, cover_path, uploaded_date, total_plays, total_likes) values ('Vulture, white-rumped', 87, 2, null, null, '1974-01-01', 2996, 9075);
insert into Song (title, album_id, artist_id, song_path, cover_path, uploaded_date, total_plays, total_likes) values ('Black-capped capuchin', 49, 28, null, null, '1991-05-07', 491, 4890);
insert into Song (title, album_id, artist_id, song_path, cover_path, uploaded_date, total_plays, total_likes) values ('Admiral, indian red', 127, 31, null, null, '1963-02-13', 1816, 7036);
insert into Song (title, album_id, artist_id, song_path, cover_path, uploaded_date, total_plays, total_likes) values ('Porcupine, african', 144, 7, null, null, '1982-08-13', 4042, 9672);
insert into Song (title, album_id, artist_id, song_path, cover_path, uploaded_date, total_plays, total_likes) values ('Brown antechinus', 60, 13, null, null, '2008-02-07', 781, 1299);
insert into Song (title, album_id, artist_id, song_path, cover_path, uploaded_date, total_plays, total_likes) values ('Black-collared barbet', 32, 25, null, null, '2021-04-06', 4314, 9201);
insert into Song (title, album_id, artist_id, song_path, cover_path, uploaded_date, total_plays, total_likes) values ('Giant girdled lizard', 107, 23, null, null, '1963-05-24', 3338, 5270);

insert into Playlist (user_id, name) values (3, 'Gembucket');
insert into Playlist (user_id, name) values (1, 'Bamity');
insert into Playlist (user_id, name) values (5, 'Zathin');
insert into Playlist (user_id, name) values (3, 'Flowdesk');
insert into Playlist (user_id, name) values (7, 'Asoka');
insert into Playlist (user_id, name) values (9, 'Subin');
insert into Playlist (user_id, name) values (10, 'Vagram');
insert into Playlist (user_id, name) values (10, 'Zathin');
insert into Playlist (user_id, name) values (9, 'Asoka');
insert into Playlist (user_id, name) values (2, 'Konklux');
insert into Playlist (user_id, name) values (10, 'Job');
insert into Playlist (user_id, name) values (7, 'Y-find');
insert into Playlist (user_id, name) values (2, 'Hatity');
insert into Playlist (user_id, name) values (10, 'Flowdesk');
insert into Playlist (user_id, name) values (10, 'Keylex');
insert into Playlist (user_id, name) values (9, 'Span');
insert into Playlist (user_id, name) values (8, 'Stronghold');
insert into Playlist (user_id, name) values (3, 'Zontrax');
insert into Playlist (user_id, name) values (9, 'Stronghold');
insert into Playlist (user_id, name) values (5, 'It');

insert into SongPlaylist (song_id, playlist_id) values (1, 13);
insert into SongPlaylist (song_id, playlist_id) values (2, 1);
insert into SongPlaylist (song_id, playlist_id) values (3, 3);
insert into SongPlaylist (song_id, playlist_id) values (4, 4);
insert into SongPlaylist (song_id, playlist_id) values (5, 10);
insert into SongPlaylist (song_id, playlist_id) values (6, 3);
insert into SongPlaylist (song_id, playlist_id) values (7, 15);
insert into SongPlaylist (song_id, playlist_id) values (8, 5);
insert into SongPlaylist (song_id, playlist_id) values (9, 7);
insert into SongPlaylist (song_id, playlist_id) values (10, 8);
insert into SongPlaylist (song_id, playlist_id) values (11, 19);
insert into SongPlaylist (song_id, playlist_id) values (12, 13);
insert into SongPlaylist (song_id, playlist_id) values (13, 11);
insert into SongPlaylist (song_id, playlist_id) values (14, 20);
insert into SongPlaylist (song_id, playlist_id) values (15, 19);
insert into SongPlaylist (song_id, playlist_id) values (16, 1);
insert into SongPlaylist (song_id, playlist_id) values (17, 17);
insert into SongPlaylist (song_id, playlist_id) values (18, 9);
insert into SongPlaylist (song_id, playlist_id) values (19, 19);
insert into SongPlaylist (song_id, playlist_id) values (20, 1);
insert into SongPlaylist (song_id, playlist_id) values (21, 3);
insert into SongPlaylist (song_id, playlist_id) values (22, 7);
insert into SongPlaylist (song_id, playlist_id) values (23, 15);
insert into SongPlaylist (song_id, playlist_id) values (24, 9);
insert into SongPlaylist (song_id, playlist_id) values (25, 6);
insert into SongPlaylist (song_id, playlist_id) values (26, 1);
insert into SongPlaylist (song_id, playlist_id) values (27, 7);
insert into SongPlaylist (song_id, playlist_id) values (28, 19);
insert into SongPlaylist (song_id, playlist_id) values (29, 4);
insert into SongPlaylist (song_id, playlist_id) values (30, 10);
insert into SongPlaylist (song_id, playlist_id) values (31, 18);
insert into SongPlaylist (song_id, playlist_id) values (32, 7);
insert into SongPlaylist (song_id, playlist_id) values (33, 14);
insert into SongPlaylist (song_id, playlist_id) values (34, 8);
insert into SongPlaylist (song_id, playlist_id) values (35, 10);
insert into SongPlaylist (song_id, playlist_id) values (36, 18);
insert into SongPlaylist (song_id, playlist_id) values (37, 16);
insert into SongPlaylist (song_id, playlist_id) values (38, 19);
insert into SongPlaylist (song_id, playlist_id) values (39, 11);
insert into SongPlaylist (song_id, playlist_id) values (40, 7);
insert into SongPlaylist (song_id, playlist_id) values (41, 4);
insert into SongPlaylist (song_id, playlist_id) values (42, 8);
insert into SongPlaylist (song_id, playlist_id) values (43, 2);
insert into SongPlaylist (song_id, playlist_id) values (44, 15);
insert into SongPlaylist (song_id, playlist_id) values (45, 8);
insert into SongPlaylist (song_id, playlist_id) values (46, 7);
insert into SongPlaylist (song_id, playlist_id) values (47, 3);
insert into SongPlaylist (song_id, playlist_id) values (48, 7);
insert into SongPlaylist (song_id, playlist_id) values (49, 2);
insert into SongPlaylist (song_id, playlist_id) values (50, 16);
insert into SongPlaylist (song_id, playlist_id) values (51, 9);
insert into SongPlaylist (song_id, playlist_id) values (52, 7);
insert into SongPlaylist (song_id, playlist_id) values (53, 16);
insert into SongPlaylist (song_id, playlist_id) values (54, 14);
insert into SongPlaylist (song_id, playlist_id) values (55, 15);
insert into SongPlaylist (song_id, playlist_id) values (56, 4);
insert into SongPlaylist (song_id, playlist_id) values (57, 1);
insert into SongPlaylist (song_id, playlist_id) values (58, 13);
insert into SongPlaylist (song_id, playlist_id) values (59, 5);
insert into SongPlaylist (song_id, playlist_id) values (60, 8);
insert into SongPlaylist (song_id, playlist_id) values (61, 19);
insert into SongPlaylist (song_id, playlist_id) values (62, 1);
insert into SongPlaylist (song_id, playlist_id) values (63, 11);
insert into SongPlaylist (song_id, playlist_id) values (64, 13);
insert into SongPlaylist (song_id, playlist_id) values (65, 10);
insert into SongPlaylist (song_id, playlist_id) values (66, 18);
insert into SongPlaylist (song_id, playlist_id) values (67, 16);
insert into SongPlaylist (song_id, playlist_id) values (68, 10);
insert into SongPlaylist (song_id, playlist_id) values (69, 13);
insert into SongPlaylist (song_id, playlist_id) values (70, 13);
insert into SongPlaylist (song_id, playlist_id) values (71, 19);
insert into SongPlaylist (song_id, playlist_id) values (72, 1);
insert into SongPlaylist (song_id, playlist_id) values (73, 5);
insert into SongPlaylist (song_id, playlist_id) values (74, 11);
insert into SongPlaylist (song_id, playlist_id) values (75, 14);
insert into SongPlaylist (song_id, playlist_id) values (76, 12);
insert into SongPlaylist (song_id, playlist_id) values (77, 8);
insert into SongPlaylist (song_id, playlist_id) values (78, 14);
insert into SongPlaylist (song_id, playlist_id) values (79, 8);
insert into SongPlaylist (song_id, playlist_id) values (80, 10);
insert into SongPlaylist (song_id, playlist_id) values (81, 12);
insert into SongPlaylist (song_id, playlist_id) values (82, 9);
insert into SongPlaylist (song_id, playlist_id) values (83, 2);
insert into SongPlaylist (song_id, playlist_id) values (84, 14);
insert into SongPlaylist (song_id, playlist_id) values (85, 14);
insert into SongPlaylist (song_id, playlist_id) values (86, 8);
insert into SongPlaylist (song_id, playlist_id) values (87, 2);
insert into SongPlaylist (song_id, playlist_id) values (88, 15);
insert into SongPlaylist (song_id, playlist_id) values (89, 20);
insert into SongPlaylist (song_id, playlist_id) values (90, 7);
insert into SongPlaylist (song_id, playlist_id) values (91, 3);
insert into SongPlaylist (song_id, playlist_id) values (92, 3);
insert into SongPlaylist (song_id, playlist_id) values (93, 11);
insert into SongPlaylist (song_id, playlist_id) values (94, 11);
insert into SongPlaylist (song_id, playlist_id) values (95, 5);
insert into SongPlaylist (song_id, playlist_id) values (96, 6);
insert into SongPlaylist (song_id, playlist_id) values (97, 13);
insert into SongPlaylist (song_id, playlist_id) values (98, 19);
insert into SongPlaylist (song_id, playlist_id) values (99, 15);
insert into SongPlaylist (song_id, playlist_id) values (100, 8);
insert into SongPlaylist (song_id, playlist_id) values (101, 7);
insert into SongPlaylist (song_id, playlist_id) values (102, 5);
insert into SongPlaylist (song_id, playlist_id) values (103, 5);
insert into SongPlaylist (song_id, playlist_id) values (104, 11);
insert into SongPlaylist (song_id, playlist_id) values (105, 8);
insert into SongPlaylist (song_id, playlist_id) values (106, 18);
insert into SongPlaylist (song_id, playlist_id) values (107, 18);
insert into SongPlaylist (song_id, playlist_id) values (108, 10);
insert into SongPlaylist (song_id, playlist_id) values (109, 19);
insert into SongPlaylist (song_id, playlist_id) values (110, 11);
insert into SongPlaylist (song_id, playlist_id) values (111, 3);
insert into SongPlaylist (song_id, playlist_id) values (112, 10);
insert into SongPlaylist (song_id, playlist_id) values (113, 19);
insert into SongPlaylist (song_id, playlist_id) values (114, 14);
insert into SongPlaylist (song_id, playlist_id) values (115, 12);
insert into SongPlaylist (song_id, playlist_id) values (116, 5);
insert into SongPlaylist (song_id, playlist_id) values (117, 19);
insert into SongPlaylist (song_id, playlist_id) values (118, 6);
insert into SongPlaylist (song_id, playlist_id) values (119, 16);
insert into SongPlaylist (song_id, playlist_id) values (120, 11);
insert into SongPlaylist (song_id, playlist_id) values (121, 20);
insert into SongPlaylist (song_id, playlist_id) values (122, 8);
insert into SongPlaylist (song_id, playlist_id) values (123, 6);
insert into SongPlaylist (song_id, playlist_id) values (124, 14);
insert into SongPlaylist (song_id, playlist_id) values (125, 10);
insert into SongPlaylist (song_id, playlist_id) values (126, 4);
insert into SongPlaylist (song_id, playlist_id) values (127, 17);
insert into SongPlaylist (song_id, playlist_id) values (128, 9);
insert into SongPlaylist (song_id, playlist_id) values (129, 16);
insert into SongPlaylist (song_id, playlist_id) values (130, 6);
insert into SongPlaylist (song_id, playlist_id) values (131, 3);
insert into SongPlaylist (song_id, playlist_id) values (132, 2);
insert into SongPlaylist (song_id, playlist_id) values (133, 3);
insert into SongPlaylist (song_id, playlist_id) values (134, 11);
insert into SongPlaylist (song_id, playlist_id) values (135, 3);
insert into SongPlaylist (song_id, playlist_id) values (136, 15);
insert into SongPlaylist (song_id, playlist_id) values (137, 10);
insert into SongPlaylist (song_id, playlist_id) values (138, 9);
insert into SongPlaylist (song_id, playlist_id) values (139, 18);
insert into SongPlaylist (song_id, playlist_id) values (140, 8);
insert into SongPlaylist (song_id, playlist_id) values (141, 10);
insert into SongPlaylist (song_id, playlist_id) values (142, 3);
insert into SongPlaylist (song_id, playlist_id) values (143, 13);
insert into SongPlaylist (song_id, playlist_id) values (144, 18);
insert into SongPlaylist (song_id, playlist_id) values (145, 9);
insert into SongPlaylist (song_id, playlist_id) values (146, 3);
insert into SongPlaylist (song_id, playlist_id) values (147, 7);
insert into SongPlaylist (song_id, playlist_id) values (148, 8);
insert into SongPlaylist (song_id, playlist_id) values (149, 10);
insert into SongPlaylist (song_id, playlist_id) values (150, 2);
insert into SongPlaylist (song_id, playlist_id) values (151, 9);
insert into SongPlaylist (song_id, playlist_id) values (152, 2);
insert into SongPlaylist (song_id, playlist_id) values (153, 6);
insert into SongPlaylist (song_id, playlist_id) values (154, 6);
insert into SongPlaylist (song_id, playlist_id) values (155, 6);
insert into SongPlaylist (song_id, playlist_id) values (156, 20);
insert into SongPlaylist (song_id, playlist_id) values (157, 17);
insert into SongPlaylist (song_id, playlist_id) values (158, 8);
insert into SongPlaylist (song_id, playlist_id) values (159, 7);
insert into SongPlaylist (song_id, playlist_id) values (160, 12);
insert into SongPlaylist (song_id, playlist_id) values (161, 17);
insert into SongPlaylist (song_id, playlist_id) values (162, 2);
insert into SongPlaylist (song_id, playlist_id) values (163, 5);
insert into SongPlaylist (song_id, playlist_id) values (164, 11);
insert into SongPlaylist (song_id, playlist_id) values (165, 6);
insert into SongPlaylist (song_id, playlist_id) values (166, 16);
insert into SongPlaylist (song_id, playlist_id) values (167, 14);
insert into SongPlaylist (song_id, playlist_id) values (168, 2);
insert into SongPlaylist (song_id, playlist_id) values (169, 6);
insert into SongPlaylist (song_id, playlist_id) values (170, 7);
insert into SongPlaylist (song_id, playlist_id) values (171, 9);
insert into SongPlaylist (song_id, playlist_id) values (172, 16);
insert into SongPlaylist (song_id, playlist_id) values (173, 5);
insert into SongPlaylist (song_id, playlist_id) values (174, 6);
insert into SongPlaylist (song_id, playlist_id) values (175, 2);
insert into SongPlaylist (song_id, playlist_id) values (176, 9);
insert into SongPlaylist (song_id, playlist_id) values (177, 15);
insert into SongPlaylist (song_id, playlist_id) values (178, 7);
insert into SongPlaylist (song_id, playlist_id) values (179, 1);
insert into SongPlaylist (song_id, playlist_id) values (180, 11);
insert into SongPlaylist (song_id, playlist_id) values (181, 7);
insert into SongPlaylist (song_id, playlist_id) values (182, 15);
insert into SongPlaylist (song_id, playlist_id) values (183, 19);
insert into SongPlaylist (song_id, playlist_id) values (184, 12);
insert into SongPlaylist (song_id, playlist_id) values (185, 13);
insert into SongPlaylist (song_id, playlist_id) values (186, 11);
insert into SongPlaylist (song_id, playlist_id) values (187, 9);
insert into SongPlaylist (song_id, playlist_id) values (188, 15);
insert into SongPlaylist (song_id, playlist_id) values (189, 8);
insert into SongPlaylist (song_id, playlist_id) values (190, 20);
insert into SongPlaylist (song_id, playlist_id) values (191, 1);
insert into SongPlaylist (song_id, playlist_id) values (192, 1);
insert into SongPlaylist (song_id, playlist_id) values (193, 12);
insert into SongPlaylist (song_id, playlist_id) values (194, 17);
insert into SongPlaylist (song_id, playlist_id) values (195, 2);
insert into SongPlaylist (song_id, playlist_id) values (196, 17);
insert into SongPlaylist (song_id, playlist_id) values (197, 9);
insert into SongPlaylist (song_id, playlist_id) values (198, 3);
insert into SongPlaylist (song_id, playlist_id) values (199, 6);
insert into SongPlaylist (song_id, playlist_id) values (200, 16);


insert into Likes (user_id, song_id, isLike) values (1, 1, false);
insert into Likes (user_id, song_id, isLike) values (2, 1, true);
insert into Likes (user_id, song_id, isLike) values (3, 1, false);
insert into Likes (user_id, song_id, isLike) values (4, 1, false);
insert into Likes (user_id, song_id, isLike) values (5, 1, false);
insert into Likes (user_id, song_id, isLike) values (6, 1, true);
insert into Likes (user_id, song_id, isLike) values (7, 1, false);
insert into Likes (user_id, song_id, isLike) values (8, 1, false);
insert into Likes (user_id, song_id, isLike) values (9, 1, true);
insert into Likes (user_id, song_id, isLike) values (10, 1, true);
insert into Likes (user_id, song_id, isLike) values (11, 1, true);
insert into Likes (user_id, song_id, isLike) values (12, 1, false);
insert into Likes (user_id, song_id, isLike) values (13, 1, true);
insert into Likes (user_id, song_id, isLike) values (14, 1, false);
insert into Likes (user_id, song_id, isLike) values (15, 1, true);
insert into Likes (user_id, song_id, isLike) values (16, 1, true);
insert into Likes (user_id, song_id, isLike) values (17, 1, false);
insert into Likes (user_id, song_id, isLike) values (18, 1, false);
insert into Likes (user_id, song_id, isLike) values (19, 1, false);
insert into Likes (user_id, song_id, isLike) values (20, 1, true);
insert into Likes (user_id, song_id, isLike) values (21, 1, true);
insert into Likes (user_id, song_id, isLike) values (22, 1, false);
insert into Likes (user_id, song_id, isLike) values (23, 1, false);
insert into Likes (user_id, song_id, isLike) values (24, 1, false);
insert into Likes (user_id, song_id, isLike) values (25, 1, false);
insert into Likes (user_id, song_id, isLike) values (26, 1, false);
insert into Likes (user_id, song_id, isLike) values (27, 1, false);
insert into Likes (user_id, song_id, isLike) values (28, 1, false);
insert into Likes (user_id, song_id, isLike) values (29, 1, false);
insert into Likes (user_id, song_id, isLike) values (30, 1, true);
insert into Likes (user_id, song_id, isLike) values (31, 1, false);
insert into Likes (user_id, song_id, isLike) values (32, 1, false);
insert into Likes (user_id, song_id, isLike) values (33, 1, true);
insert into Likes (user_id, song_id, isLike) values (34, 1, false);
insert into Likes (user_id, song_id, isLike) values (35, 1, false);
insert into Likes (user_id, song_id, isLike) values (36, 1, true);
insert into Likes (user_id, song_id, isLike) values (37, 1, true);
insert into Likes (user_id, song_id, isLike) values (38, 1, true);
insert into Likes (user_id, song_id, isLike) values (39, 1, true);
insert into Likes (user_id, song_id, isLike) values (40, 1, true);
insert into Likes (user_id, song_id, isLike) values (41, 1, true);
insert into Likes (user_id, song_id, isLike) values (42, 1, false);
insert into Likes (user_id, song_id, isLike) values (43, 1, true);
insert into Likes (user_id, song_id, isLike) values (44, 1, true);
insert into Likes (user_id, song_id, isLike) values (45, 1, true);
insert into Likes (user_id, song_id, isLike) values (46, 1, false);
insert into Likes (user_id, song_id, isLike) values (47, 1, true);
insert into Likes (user_id, song_id, isLike) values (48, 1, true);
insert into Likes (user_id, song_id, isLike) values (49, 1, true);
insert into Likes (user_id, song_id, isLike) values (50, 1, true);
insert into Likes (user_id, song_id, isLike) values (1, 2, false);
insert into Likes (user_id, song_id, isLike) values (2, 2, true);
insert into Likes (user_id, song_id, isLike) values (3, 2, false);
insert into Likes (user_id, song_id, isLike) values (4, 2, true);
insert into Likes (user_id, song_id, isLike) values (5, 2, true);
insert into Likes (user_id, song_id, isLike) values (6, 2, false);
insert into Likes (user_id, song_id, isLike) values (7, 2, false);
insert into Likes (user_id, song_id, isLike) values (8, 2, true);
insert into Likes (user_id, song_id, isLike) values (9, 2, false);
insert into Likes (user_id, song_id, isLike) values (10, 2, true);
insert into Likes (user_id, song_id, isLike) values (11, 2, true);
insert into Likes (user_id, song_id, isLike) values (12, 2, true);
insert into Likes (user_id, song_id, isLike) values (13, 2, true);
insert into Likes (user_id, song_id, isLike) values (14, 2, true);
insert into Likes (user_id, song_id, isLike) values (15, 2, false);
insert into Likes (user_id, song_id, isLike) values (16, 2, false);
insert into Likes (user_id, song_id, isLike) values (17, 2, true);
insert into Likes (user_id, song_id, isLike) values (18, 2, false);
insert into Likes (user_id, song_id, isLike) values (19, 2, false);
insert into Likes (user_id, song_id, isLike) values (20, 2, false);
insert into Likes (user_id, song_id, isLike) values (21, 2, true);
insert into Likes (user_id, song_id, isLike) values (22, 2, true);
insert into Likes (user_id, song_id, isLike) values (23, 2, false);
insert into Likes (user_id, song_id, isLike) values (24, 2, true);
insert into Likes (user_id, song_id, isLike) values (25, 2, true);
insert into Likes (user_id, song_id, isLike) values (26, 2, false);
insert into Likes (user_id, song_id, isLike) values (27, 2, false);
insert into Likes (user_id, song_id, isLike) values (28, 2, false);
insert into Likes (user_id, song_id, isLike) values (29, 2, true);
insert into Likes (user_id, song_id, isLike) values (30, 2, true);
insert into Likes (user_id, song_id, isLike) values (31, 2, false);
insert into Likes (user_id, song_id, isLike) values (32, 2, true);
insert into Likes (user_id, song_id, isLike) values (33, 2, false);
insert into Likes (user_id, song_id, isLike) values (34, 2, true);
insert into Likes (user_id, song_id, isLike) values (35, 2, true);
insert into Likes (user_id, song_id, isLike) values (36, 2, true);
insert into Likes (user_id, song_id, isLike) values (37, 2, false);
insert into Likes (user_id, song_id, isLike) values (38, 2, false);
insert into Likes (user_id, song_id, isLike) values (39, 2, false);
insert into Likes (user_id, song_id, isLike) values (40, 2, false);
insert into Likes (user_id, song_id, isLike) values (41, 2, true);
insert into Likes (user_id, song_id, isLike) values (42, 2, true);
insert into Likes (user_id, song_id, isLike) values (43, 2, false);
insert into Likes (user_id, song_id, isLike) values (44, 2, false);
insert into Likes (user_id, song_id, isLike) values (45, 2, true);
insert into Likes (user_id, song_id, isLike) values (46, 2, true);
insert into Likes (user_id, song_id, isLike) values (47, 2, false);
insert into Likes (user_id, song_id, isLike) values (48, 2, true);
insert into Likes (user_id, song_id, isLike) values (49, 2, true);
insert into Likes (user_id, song_id, isLike) values (50, 2, true);
insert into Likes (user_id, song_id, isLike) values (1, 3, false);
insert into Likes (user_id, song_id, isLike) values (2, 3, true);
insert into Likes (user_id, song_id, isLike) values (3, 3, false);
insert into Likes (user_id, song_id, isLike) values (4, 3, false);
insert into Likes (user_id, song_id, isLike) values (5, 3, true);
insert into Likes (user_id, song_id, isLike) values (6, 3, true);
insert into Likes (user_id, song_id, isLike) values (7, 3, false);
insert into Likes (user_id, song_id, isLike) values (8, 3, false);
insert into Likes (user_id, song_id, isLike) values (9, 3, true);
insert into Likes (user_id, song_id, isLike) values (10, 3, true);
insert into Likes (user_id, song_id, isLike) values (11, 3, true);
insert into Likes (user_id, song_id, isLike) values (12, 3, false);
insert into Likes (user_id, song_id, isLike) values (13, 3, true);
insert into Likes (user_id, song_id, isLike) values (14, 3, true);
insert into Likes (user_id, song_id, isLike) values (15, 3, true);
insert into Likes (user_id, song_id, isLike) values (16, 3, false);
insert into Likes (user_id, song_id, isLike) values (17, 3, false);
insert into Likes (user_id, song_id, isLike) values (18, 3, true);
insert into Likes (user_id, song_id, isLike) values (19, 3, false);
insert into Likes (user_id, song_id, isLike) values (20, 3, false);
insert into Likes (user_id, song_id, isLike) values (21, 3, false);
insert into Likes (user_id, song_id, isLike) values (22, 3, false);
insert into Likes (user_id, song_id, isLike) values (23, 3, false);
insert into Likes (user_id, song_id, isLike) values (24, 3, false);
insert into Likes (user_id, song_id, isLike) values (25, 3, true);
insert into Likes (user_id, song_id, isLike) values (26, 3, true);
insert into Likes (user_id, song_id, isLike) values (27, 3, false);
insert into Likes (user_id, song_id, isLike) values (28, 3, true);
insert into Likes (user_id, song_id, isLike) values (29, 3, false);
insert into Likes (user_id, song_id, isLike) values (30, 3, false);
insert into Likes (user_id, song_id, isLike) values (31, 3, false);
insert into Likes (user_id, song_id, isLike) values (32, 3, false);
insert into Likes (user_id, song_id, isLike) values (33, 3, false);
insert into Likes (user_id, song_id, isLike) values (34, 3, false);
insert into Likes (user_id, song_id, isLike) values (35, 3, false);
insert into Likes (user_id, song_id, isLike) values (36, 3, true);
insert into Likes (user_id, song_id, isLike) values (37, 3, true);
insert into Likes (user_id, song_id, isLike) values (38, 3, true);
insert into Likes (user_id, song_id, isLike) values (39, 3, false);
insert into Likes (user_id, song_id, isLike) values (40, 3, false);
insert into Likes (user_id, song_id, isLike) values (41, 3, false);
insert into Likes (user_id, song_id, isLike) values (42, 3, false);
insert into Likes (user_id, song_id, isLike) values (43, 3, false);
insert into Likes (user_id, song_id, isLike) values (44, 3, false);
insert into Likes (user_id, song_id, isLike) values (45, 3, false);
insert into Likes (user_id, song_id, isLike) values (46, 3, false);
insert into Likes (user_id, song_id, isLike) values (47, 3, true);
insert into Likes (user_id, song_id, isLike) values (48, 3, false);
insert into Likes (user_id, song_id, isLike) values (49, 3, true);
insert into Likes (user_id, song_id, isLike) values (50, 3, true);
insert into Likes (user_id, song_id, isLike) values (1, 4, true);
insert into Likes (user_id, song_id, isLike) values (2, 4, false);
insert into Likes (user_id, song_id, isLike) values (3, 4, true);
insert into Likes (user_id, song_id, isLike) values (4, 4, false);
insert into Likes (user_id, song_id, isLike) values (5, 4, true);
insert into Likes (user_id, song_id, isLike) values (6, 4, true);
insert into Likes (user_id, song_id, isLike) values (7, 4, true);
insert into Likes (user_id, song_id, isLike) values (8, 4, false);
insert into Likes (user_id, song_id, isLike) values (9, 4, false);
insert into Likes (user_id, song_id, isLike) values (10, 4, true);
insert into Likes (user_id, song_id, isLike) values (11, 4, false);
insert into Likes (user_id, song_id, isLike) values (12, 4, true);
insert into Likes (user_id, song_id, isLike) values (13, 4, false);
insert into Likes (user_id, song_id, isLike) values (14, 4, false);
insert into Likes (user_id, song_id, isLike) values (15, 4, true);
insert into Likes (user_id, song_id, isLike) values (16, 4, true);
insert into Likes (user_id, song_id, isLike) values (17, 4, true);
insert into Likes (user_id, song_id, isLike) values (18, 4, true);
insert into Likes (user_id, song_id, isLike) values (19, 4, false);
insert into Likes (user_id, song_id, isLike) values (20, 4, false);
insert into Likes (user_id, song_id, isLike) values (21, 4, false);
insert into Likes (user_id, song_id, isLike) values (22, 4, false);
insert into Likes (user_id, song_id, isLike) values (23, 4, true);
insert into Likes (user_id, song_id, isLike) values (24, 4, true);
insert into Likes (user_id, song_id, isLike) values (25, 4, false);
insert into Likes (user_id, song_id, isLike) values (26, 4, false);
insert into Likes (user_id, song_id, isLike) values (27, 4, true);
insert into Likes (user_id, song_id, isLike) values (28, 4, false);
insert into Likes (user_id, song_id, isLike) values (29, 4, false);
insert into Likes (user_id, song_id, isLike) values (30, 4, false);
insert into Likes (user_id, song_id, isLike) values (31, 4, false);
insert into Likes (user_id, song_id, isLike) values (32, 4, true);
insert into Likes (user_id, song_id, isLike) values (33, 4, true);
insert into Likes (user_id, song_id, isLike) values (34, 4, true);
insert into Likes (user_id, song_id, isLike) values (35, 4, true);
insert into Likes (user_id, song_id, isLike) values (36, 4, false);
insert into Likes (user_id, song_id, isLike) values (37, 4, false);
insert into Likes (user_id, song_id, isLike) values (38, 4, false);
insert into Likes (user_id, song_id, isLike) values (39, 4, true);
insert into Likes (user_id, song_id, isLike) values (40, 4, true);
insert into Likes (user_id, song_id, isLike) values (41, 4, true);
insert into Likes (user_id, song_id, isLike) values (42, 4, false);
insert into Likes (user_id, song_id, isLike) values (43, 4, true);
insert into Likes (user_id, song_id, isLike) values (44, 4, true);
insert into Likes (user_id, song_id, isLike) values (45, 4, true);
insert into Likes (user_id, song_id, isLike) values (46, 4, false);
insert into Likes (user_id, song_id, isLike) values (47, 4, false);
insert into Likes (user_id, song_id, isLike) values (48, 4, true);
insert into Likes (user_id, song_id, isLike) values (49, 4, true);
insert into Likes (user_id, song_id, isLike) values (50, 4, false);
