insert into Users (username, password, first_name, last_name, admin_level) values ('ajeduch0@issuu.com', 'rioghOCEk46u', 'Allianora', 'Jeduch', 2);
insert into Users (username, password, first_name, last_name, admin_level) values ('kfroome1@lycos.com', '6JDUqL', 'Kimberley', 'Froome', 2);
insert into Users (username, password, first_name, last_name, admin_level) values ('dkinsley2@github.com', 'W8q3rUjzr', 'Drusie', 'Kinsley', 2);
insert into Users (username, password, first_name, last_name, admin_level) values ('fnetherclift3@earthlink.net', 'gLxvU7ba', 'Fax', 'Netherclift', 2);
insert into Users (username, password, first_name, last_name, admin_level) values ('lsherlock4@com.com', 'bmYfLB', 'Lazaro', 'Sherlock', 2);
insert into Users (username, password, first_name, last_name, admin_level) values ('ccovotti5@cdc.gov', 'OTlHkzOrUPn', 'Carr', 'Covotti', 2);
insert into Users (username, password, first_name, last_name, admin_level) values ('ahacksby6@howstuffworks.com', 'YxsR28QmJ00Z', 'Alwyn', 'Hacksby', 2);
insert into Users (username, password, first_name, last_name, admin_level) values ('mbalch7@networksolutions.com', 'SE2amsbce', 'Mozelle', 'Balch', 2);
insert into Users (username, password, first_name, last_name, admin_level) values ('cillesley8@nature.com', 'rUhNWDlwP', 'Christi', 'Illesley', 2);
insert into Users (username, password, first_name, last_name, admin_level) values ('mpaget9@cocolog-nifty.com', 'PG8znG', 'Matthus', 'Paget', 2);
insert into Users (username, password, first_name, last_name, admin_level) values ('rblasettia@twitpic.com', '7r4Zsc', 'Reginauld', 'Blasetti', 2);
insert into Users (username, password, first_name, last_name, admin_level) values ('eyesichevb@last.fm', 'TbZWqzh5S', 'Edita', 'Yesichev', 2);
insert into Users (username, password, first_name, last_name, admin_level) values ('cgorcec@stanford.edu', 'E9veW5Q', 'Corney', 'Gorce', 2);
insert into Users (username, password, first_name, last_name, admin_level) values ('bjohnesd@wikia.com', 'cDXcrbM9UhG', 'Benedikta', 'Johnes', 2);
insert into Users (username, password, first_name, last_name, admin_level) values ('meallise@harvard.edu', 'qqESv44iSs', 'Modesty', 'Eallis', 2);
insert into Users (username, password, first_name, last_name, admin_level) values ('pelwoodf@cocolog-nifty.com', 'uWekP1QJ1JU', 'Putnam', 'Elwood', 2);
insert into Users (username, password, first_name, last_name, admin_level) values ('gstockerg@friendfeed.com', '3iVlGAOB', 'Gusta', 'Stocker', 2);
insert into Users (username, password, first_name, last_name, admin_level) values ('nomonahanh@purevolume.com', 'PZUn2h74', 'Nan', 'O''Monahan', 2);
insert into Users (username, password, first_name, last_name, admin_level) values ('jpeaddiei@w3.org', 'ez3LtK', 'Jon', 'Peaddie', 2);
insert into Users (username, password, first_name, last_name, admin_level) values ('mconnuej@oracle.com', 'Rj3w5RA', 'Marjory', 'Connue', 2);
insert into Users (username, password, first_name, last_name, admin_level) values ('jspurdenk@admin.ch', 'YIXS2oYggLl', 'Jermayne', 'Spurden', 2);
insert into Users (username, password, first_name, last_name, admin_level) values ('bmateevl@list-manage.com', '288Fibzk', 'Barde', 'Mateev', 2);
insert into Users (username, password, first_name, last_name, admin_level) values ('abalchenm@discovery.com', 'Bs0Llg7eeo', 'Angelina', 'Balchen', 2);
insert into Users (username, password, first_name, last_name, admin_level) values ('dcleftn@rediff.com', 'BmtIwM7', 'Dennison', 'Cleft', 2);
insert into Users (username, password, first_name, last_name, admin_level) values ('dbeattyo@twitpic.com', '6bBpyvfsQ4BD', 'Dunn', 'Beatty', 2);
insert into Users (username, password, first_name, last_name, admin_level) values ('ddummettp@altervista.org', 'QkgZrKJRr', 'Dulsea', 'Dummett', 2);
insert into Users (username, password, first_name, last_name, admin_level) values ('nstonardq@home.pl', 'sofwA81', 'Nixie', 'Stonard', 2);
insert into Users (username, password, first_name, last_name, admin_level) values ('ffosherr@myspace.com', 'lpxwbr7DzF', 'Fidelia', 'Fosher', 2);
insert into Users (username, password, first_name, last_name, admin_level) values ('awytchards@webeden.co.uk', 'WvursGZr3yR', 'Albertina', 'Wytchard', 2);
insert into Users (username, password, first_name, last_name, admin_level) values ('jfoulstonet@example.com', 'Fa76uA6LmVGz', 'Joceline', 'Foulstone', 2);
insert into Users (username, password, first_name, last_name, admin_level) values ('bmussettu@utexas.edu', 'doNozOg0jr6', 'Bekki', 'Mussett', 2);
insert into Users (username, password, first_name, last_name, admin_level) values ('tjobeyv@altervista.org', 'ohbMI24z', 'Tomas', 'Jobey', 2);
insert into Users (username, password, first_name, last_name, admin_level) values ('cthomkew@plala.or.jp', 's0oZ5Y6hyQb', 'Cello', 'Thomke', 2);
insert into Users (username, password, first_name, last_name, admin_level) values ('eelsbyx@sun.com', '5q2JeSCtN5R', 'Edmund', 'Elsby', 2);
insert into Users (username, password, first_name, last_name, admin_level) values ('tbartolomivisy@mayoclinic.com', 'ZbmPBuYG', 'Tristam', 'Bartolomivis', 2);
insert into Users (username, password, first_name, last_name, admin_level) values ('schazettez@harvard.edu', '2B8sLA', 'Salli', 'Chazette', 2);
insert into Users (username, password, first_name, last_name, admin_level) values ('kgamwell10@wix.com', 'VatWaLrF7O', 'Kimmi', 'Gamwell', 2);
insert into Users (username, password, first_name, last_name, admin_level) values ('sgrishankov11@google.nl', 'EmkDlgMSjN6', 'Samara', 'Grishankov', 2);
insert into Users (username, password, first_name, last_name, admin_level) values ('gduckwith12@soundcloud.com', 'Tyr0BX6tp', 'Gilberta', 'Duckwith', 2);
insert into Users (username, password, first_name, last_name, admin_level) values ('croome13@yelp.com', 'xwgesVemVOoe', 'Cheston', 'Roome', 2);
insert into Users (username, password, first_name, last_name, admin_level) values ('hgalpin14@flickr.com', 'dJEmh7', 'Homerus', 'Galpin', 2);
insert into Users (username, password, first_name, last_name, admin_level) values ('frops15@uol.com.br', 'LyAl3PB3', 'Felecia', 'Rops', 2);
insert into Users (username, password, first_name, last_name, admin_level) values ('fojeda16@weather.com', '4tw8v6', 'Fara', 'Ojeda', 2);
insert into Users (username, password, first_name, last_name, admin_level) values ('tmattersey17@ocn.ne.jp', '6ksyZDIEoAC', 'Tabb', 'Mattersey', 2);
insert into Users (username, password, first_name, last_name, admin_level) values ('vgreenhalgh18@tinypic.com', 'i9cHoQT', 'Vidovik', 'Greenhalgh', 2);
insert into Users (username, password, first_name, last_name, admin_level) values ('spirrone19@amazon.co.uk', 'rppXX9DKg', 'Selina', 'Pirrone', 2);
insert into Users (username, password, first_name, last_name, admin_level) values ('bsowray1a@hud.gov', 'NQmCvy', 'Bennett', 'Sowray', 2);
insert into Users (username, password, first_name, last_name, admin_level) values ('ekillingsworth1b@ucoz.com', 'LIskbBHlo', 'Edan', 'Killingsworth', 2);
insert into Users (username, password, first_name, last_name, admin_level) values ('wpittendreigh1c@ucsd.edu', '1CXZoTjtTImy', 'Wait', 'Pittendreigh', 2);
insert into Users (username, password, first_name, last_name, admin_level) values ('hcamidge1d@gravatar.com', 'urgjeK', 'Hilton', 'Camidge', 2);


insert into Artist (artist_id, name, location, join_date) values (1, 'Robust', 'Cairima', '1973-06-21');
insert into Artist (artist_id, name, location, join_date) values (2, 'value-added', 'Krajan Tambakrejo', '2015-08-29');
insert into Artist (artist_id, name, location, join_date) values (3, 'Object-based', 'Sitangkai', '1996-11-30');
insert into Artist (artist_id, name, location, join_date) values (4, 'knowledge user', 'Lyon', '1975-06-16');
insert into Artist (artist_id, name, location, join_date) values (5, 'transitional', 'Barra do Piraí', '1972-01-06');
insert into Artist (artist_id, name, location, join_date) values (6, 'local area network', 'Zolotyy Potik', '1979-06-30');
insert into Artist (artist_id, name, location, join_date) values (7, 'intermediate', 'Mikulcice', '2003-11-04');
insert into Artist (artist_id, name, location, join_date) values (8, 'artificial intelligence', 'Huangmei', '1979-04-10');
insert into Artist (artist_id, name, location, join_date) values (9, 'Cross-group', 'Utrecht (stad)', '1992-10-05');
insert into Artist (artist_id, name, location, join_date) values (10, 'Re-contextualized', 'Rybno', '1989-09-01');
insert into Artist (artist_id, name, location, join_date) values (11, 'fresh-thinking', 'Pampierstad', '1990-06-14');
insert into Artist (artist_id, name, location, join_date) values (12, 'implementation', 'Szombathely', '1995-01-27');
insert into Artist (artist_id, name, location, join_date) values (13, '4th generation', 'Khóra', '1995-06-29');
insert into Artist (artist_id, name, location, join_date) values (14, 'fault-tolerant', 'Nowshahr', '1977-08-21');
insert into Artist (artist_id, name, location, join_date) values (15, 'neural-net', 'Düsseldorf', '1972-01-15');
insert into Artist (artist_id, name, location, join_date) values (16, 'success', 'Matozinhos', '2004-04-29');
insert into Artist (artist_id, name, location, join_date) values (17, 'bi-directional', 'Palapye', '1971-12-17');
insert into Artist (artist_id, name, location, join_date) values (18, 'encryption', 'Buhe', '2014-02-13');
insert into Artist (artist_id, name, location, join_date) values (19, 'object-oriented', 'Hanam', '1997-10-16');
insert into Artist (artist_id, name, location, join_date) values (20, 'global', 'Gorzkowice', '1973-12-08');
insert into Artist (artist_id, name, location, join_date) values (21, 'content-based', 'Panambi', '1982-04-26');
insert into Artist (artist_id, name, location, join_date) values (22, 'Versatile', 'Goussainville', '2006-09-06');
insert into Artist (artist_id, name, location, join_date) values (23, 'homogeneous', 'Stende', '1968-04-26');
insert into Artist (artist_id, name, location, join_date) values (24, 'tangible', 'Soisy-sous-Montmorency', '1981-03-31');
insert into Artist (artist_id, name, location, join_date) values (25, 'pricing structure', 'Jieshou', '1963-11-22');
insert into Artist (artist_id, name, location, join_date) values (26, 'system engine', 'Boca Raton', '2001-01-09');
insert into Artist (artist_id, name, location, join_date) values (27, 'discrete', 'Schellenberg', '2000-02-22');
insert into Artist (artist_id, name, location, join_date) values (28, 'installation', 'Aktsyabrski', '1963-07-15');
insert into Artist (artist_id, name, location, join_date) values (29, 'stable', 'Biloxi', '2018-01-27');
insert into Artist (artist_id, name, location, join_date) values (30, 'Monitored', 'Naxos', '1966-02-01');
insert into Artist (artist_id, name, location, join_date) values (31, 'Fundamental', 'Carvalhal da Aroeira', '1980-12-05');
insert into Artist (artist_id, name, location, join_date) values (32, 'value-added', 'Berlin', '2009-01-10');
insert into Artist (artist_id, name, location, join_date) values (33, 'concept', 'Kamionka', '2022-04-12');
insert into Artist (artist_id, name, location, join_date) values (34, 'Programmable', 'Taesal-li', '1975-04-13');
insert into Artist (artist_id, name, location, join_date) values (35, 'open architecture', 'Mrozy', '2006-05-30');
insert into Artist (artist_id, name, location, join_date) values (36, 'Extended', 'Oslo', '1988-03-20');
insert into Artist (artist_id, name, location, join_date) values (37, 'open architecture', 'Uglovoye', '2014-06-24');
insert into Artist (artist_id, name, location, join_date) values (38, 'empowering', 'Wanhu', '2013-09-29');
insert into Artist (artist_id, name, location, join_date) values (39, 'scalable', 'Matangpayang', '2018-02-17');
insert into Artist (artist_id, name, location, join_date) values (40, 'static', 'Timeng', '1961-09-12');
insert into Artist (artist_id, name, location, join_date) values (41, 'data-warehouse', 'Banjar Batuaji Kaja', '1994-10-15');
insert into Artist (artist_id, name, location, join_date) values (42, 'Focused', 'Zigong', '2009-07-01');
insert into Artist (artist_id, name, location, join_date) values (43, 'success', 'Nakatsugawa', '2016-07-09');
insert into Artist (artist_id, name, location, join_date) values (44, 'fault-tolerant', 'Tuanshan', '1965-03-03');
insert into Artist (artist_id, name, location, join_date) values (45, 'portal', 'Santa Luzia', '2017-03-23');
insert into Artist (artist_id, name, location, join_date) values (46, 'open architecture', 'Ciracap', '2022-10-16');
insert into Artist (artist_id, name, location, join_date) values (47, 'initiative', 'Sishui', '2010-08-24');
insert into Artist (artist_id, name, location, join_date) values (48, 'core', 'Brive-la-Gaillarde', '1963-04-11');
insert into Artist (artist_id, name, location, join_date) values (49, 'hybrid', 'Marshintsy', '1988-11-24');
insert into Artist (artist_id, name, location, join_date) values (50, 'installation', 'Voskopojë', '1990-12-17');


insert into Album (name, artist_id, date_added) values ('Bristleflower Collomia', 1, '1970-05-07');
insert into Album (name, artist_id, date_added) values ('Rapp''s Biatorella Lichen', 2, '1988-11-13');
insert into Album (name, artist_id, date_added) values ('Palmer''s Breadroot', 3, '1993-05-19');
insert into Album (name, artist_id, date_added) values ('Jensen''s Polytrichum Moss', 4, '2019-01-25');
insert into Album (name, artist_id, date_added) values ('Pineland Valerian', 5, '1982-05-23');
insert into Album (name, artist_id, date_added) values ('New Mexico Milkwort', 6, '2019-12-03');
insert into Album (name, artist_id, date_added) values ('Bearded Milkvetch', 7, '1972-10-05');
insert into Album (name, artist_id, date_added) values ('Whiteleaf Manzanita', 8, '2005-03-03');
insert into Album (name, artist_id, date_added) values ('Antilles Parmotremopsis', 9, '1997-03-03');
insert into Album (name, artist_id, date_added) values ('Blue Eyed Mary', 10, '2010-03-27');
insert into Album (name, artist_id, date_added) values ('Smallflower Clermontia', 11, '1975-02-10');
insert into Album (name, artist_id, date_added) values ('Brush Cherry', 12, '1993-12-28');
insert into Album (name, artist_id, date_added) values ('Thinsepal Monkeyflower', 13, '2006-08-08');
insert into Album (name, artist_id, date_added) values ('Pineland Valerian', 14, '1998-12-12');
insert into Album (name, artist_id, date_added) values ('Madieravine', 15, '2019-03-03');
insert into Album (name, artist_id, date_added) values ('Smallflower Phyllostegia', 16, '1963-05-01');
insert into Album (name, artist_id, date_added) values ('Longleaf Glorytree', 17, '2016-04-01');
insert into Album (name, artist_id, date_added) values ('Aromatic Indian Breadroot', 18, '1983-07-11');
insert into Album (name, artist_id, date_added) values ('Umbrellagrass', 19, '2014-06-10');
insert into Album (name, artist_id, date_added) values ('Lake Willow Dock', 20, '1982-11-29');
insert into Album (name, artist_id, date_added) values ('Mexican Ricegrass', 21, '1963-02-05');
insert into Album (name, artist_id, date_added) values ('Ramon', 22, '1999-01-15');
insert into Album (name, artist_id, date_added) values ('Scurfpea', 23, '1963-12-25');
insert into Album (name, artist_id, date_added) values ('Florida Ticktrefoil', 24, '1975-12-23');
insert into Album (name, artist_id, date_added) values ('Vervain', 25, '1996-12-20');
insert into Album (name, artist_id, date_added) values ('Hulumoa', 26, '2011-03-12');
insert into Album (name, artist_id, date_added) values ('Curvepod Milkvetch', 27, '2002-12-02');
insert into Album (name, artist_id, date_added) values ('Boreal Draba', 28, '1968-05-15');
insert into Album (name, artist_id, date_added) values ('Camphor Pluchea', 29, '1998-09-12');
insert into Album (name, artist_id, date_added) values ('Canoparmelia Lichen', 30, '1969-11-07');
insert into Album (name, artist_id, date_added) values ('Circumpolar Starwort', 31, '2009-11-27');
insert into Album (name, artist_id, date_added) values ('Hard Wallflower', 32, '2003-12-04');
insert into Album (name, artist_id, date_added) values ('Bog Labordia', 33, '2019-09-27');
insert into Album (name, artist_id, date_added) values ('Antifever Fontinalis Moss', 34, '1982-03-07');
insert into Album (name, artist_id, date_added) values ('Mountainheath', 35, '2011-01-30');
insert into Album (name, artist_id, date_added) values ('Bryum Moss', 36, '2020-08-21');
insert into Album (name, artist_id, date_added) values ('Koolau Range Beggarticks', 37, '2006-09-21');
insert into Album (name, artist_id, date_added) values ('Dwarf Spurge', 38, '1972-11-12');
insert into Album (name, artist_id, date_added) values ('Sea-fern Grass', 39, '1994-07-05');
insert into Album (name, artist_id, date_added) values ('Manybristle Chinchweed', 40, '1979-07-18');
insert into Album (name, artist_id, date_added) values ('Missouri Gourd', 41, '1980-03-13');
insert into Album (name, artist_id, date_added) values ('Littleflower Figwort', 42, '1995-07-09');
insert into Album (name, artist_id, date_added) values ('Buckwheat', 43, '1994-06-04');
insert into Album (name, artist_id, date_added) values ('Mediterranean Sweetclover', 44, '2000-04-11');
insert into Album (name, artist_id, date_added) values ('Rochester Hawthorn', 45, '1978-04-14');
insert into Album (name, artist_id, date_added) values ('Lance Fern', 46, '1996-09-17');
insert into Album (name, artist_id, date_added) values ('Ivyleaf Geranium', 47, '1992-01-23');
insert into Album (name, artist_id, date_added) values ('Alabama Pitcherplant', 48, '2016-01-09');
insert into Album (name, artist_id, date_added) values ('Hybrid Cypress', 49, '1968-05-25');
insert into Album (name, artist_id, date_added) values ('Bigleaf Lupine', 50, '1988-09-08');

insert into Song (title, artist_id, release_date, duration, album_id, total_plays) values ('Small-leaf Bentgrass', 1, '1965-11-01', 2.71, 1, 9198);
insert into Song (title, artist_id, release_date, duration, album_id, total_plays) values ('Fragilegrass', 2, '1983-03-24', 1.2, 2, 2727);
insert into Song (title, artist_id, release_date, duration, album_id, total_plays) values ('Liane Savon', 3, '2010-09-10', 5.34, 3, 6557);
insert into Song (title, artist_id, release_date, duration, album_id, total_plays) values ('Dichelyma Moss', 4, '1980-11-03', 0.14, 4, 199);
insert into Song (title, artist_id, release_date, duration, album_id, total_plays) values ('Glossostigma', 5, '2003-03-17', 0.77, 5, 2495);
insert into Song (title, artist_id, release_date, duration, album_id, total_plays) values ('False Asphodel', 6, '1994-12-29', 1.77, 6, 7929);
insert into Song (title, artist_id, release_date, duration, album_id, total_plays) values ('Colorado Xanthoparmelia Lichen', 7, '1985-09-01', 4.21, 7, 5544);
insert into Song (title, artist_id, release_date, duration, album_id, total_plays) values ('Prairie False Willow', 8, '2006-11-20', 3.93, 8, 4815);
insert into Song (title, artist_id, release_date, duration, album_id, total_plays) values ('Didymodon Moss', 9, '1985-04-06', 5.5, 9, 2699);
insert into Song (title, artist_id, release_date, duration, album_id, total_plays) values ('Windmill Fringed Gentian', 10, '2000-05-20', 6.78, 10, 2232);
insert into Song (title, artist_id, release_date, duration, album_id, total_plays) values ('Florida Mayten', 11, '1974-04-07', 0.03, 11, 3663);
insert into Song (title, artist_id, release_date, duration, album_id, total_plays) values ('Walker''s Manihot', 12, '1979-04-30', 7.85, 12, 2329);
insert into Song (title, artist_id, release_date, duration, album_id, total_plays) values ('Basket Of Gold', 13, '1995-02-19', 1.4, 13, 3439);
insert into Song (title, artist_id, release_date, duration, album_id, total_plays) values ('Touret''s Scleropodium Moss', 14, '1983-09-17', 2.33, 14, 6886);
insert into Song (title, artist_id, release_date, duration, album_id, total_plays) values ('Onion', 15, '1995-12-17', 7.09, 15, 7088);
insert into Song (title, artist_id, release_date, duration, album_id, total_plays) values ('Turkish Wartycabbage', 16, '2007-12-27', 4.38, 16, 8467);
insert into Song (title, artist_id, release_date, duration, album_id, total_plays) values ('Meyen''s Flatsedge', 17, '1994-11-06', 1.72, 17, 4730);
insert into Song (title, artist_id, release_date, duration, album_id, total_plays) values ('Mosquito Bills', 18, '1987-04-11', 4.51, 18, 8628);
insert into Song (title, artist_id, release_date, duration, album_id, total_plays) values ('Palo De Hueso', 19, '2005-06-11', 1.89, 19, 5793);
insert into Song (title, artist_id, release_date, duration, album_id, total_plays) values ('Western Heermann''s Buckwheat', 20, '1961-03-30', 7.65, 20, 3623);
insert into Song (title, artist_id, release_date, duration, album_id, total_plays) values ('Slender Cinquefoil', 21, '2012-10-10', 6.82, 21, 880);
insert into Song (title, artist_id, release_date, duration, album_id, total_plays) values ('Hybrid Oak', 22, '2005-09-06', 4.69, 22, 5348);
insert into Song (title, artist_id, release_date, duration, album_id, total_plays) values ('Racomitrium Moss', 23, '1979-02-19', 7.24, 23, 3540);
insert into Song (title, artist_id, release_date, duration, album_id, total_plays) values ('Dunkeld Larch', 24, '1979-08-06', 1.11, 24, 3318);
insert into Song (title, artist_id, release_date, duration, album_id, total_plays) values ('Rooted Poppy', 25, '1974-04-24', 3.49, 25, 4381);
insert into Song (title, artist_id, release_date, duration, album_id, total_plays) values ('Vine Maple', 26, '2014-06-21', 6.35, 26, 5220);
insert into Song (title, artist_id, release_date, duration, album_id, total_plays) values ('Mountaintop Blackberry', 27, '1988-02-05', 3.97, 27, 1383);
insert into Song (title, artist_id, release_date, duration, album_id, total_plays) values ('Arctic Aspicilia', 28, '1964-08-09', 1.9, 28, 3685);
insert into Song (title, artist_id, release_date, duration, album_id, total_plays) values ('Saffron Ragwort', 29, '1967-08-10', 6.34, 29, 1938);
insert into Song (title, artist_id, release_date, duration, album_id, total_plays) values ('Rushpink Skeletonplant', 30, '1983-02-14', 7.25, 30, 9229);
insert into Song (title, artist_id, release_date, duration, album_id, total_plays) values ('Lyall Aster', 31, '2006-04-26', 4.62, 31, 9678);
insert into Song (title, artist_id, release_date, duration, album_id, total_plays) values ('Castalis', 32, '1963-02-11', 5.14, 32, 4362);
insert into Song (title, artist_id, release_date, duration, album_id, total_plays) values ('Sickleweed', 33, '1993-05-29', 6.24, 33, 819);
insert into Song (title, artist_id, release_date, duration, album_id, total_plays) values ('Largebract Indian Breadroot', 34, '2008-11-01', 5.86, 34, 9768);
insert into Song (title, artist_id, release_date, duration, album_id, total_plays) values ('Woodland Bittercress', 35, '1972-10-13', 3.05, 35, 7707);
insert into Song (title, artist_id, release_date, duration, album_id, total_plays) values ('Island Blackberry', 36, '2019-06-04', 2.19, 36, 7464);
insert into Song (title, artist_id, release_date, duration, album_id, total_plays) values ('Krukeberg''s Jewelflower', 37, '1988-11-09', 2.62, 37, 5808);
insert into Song (title, artist_id, release_date, duration, album_id, total_plays) values ('Stiffbranch Bird''s Beak', 38, '1960-08-05', 3.42, 38, 8532);
insert into Song (title, artist_id, release_date, duration, album_id, total_plays) values ('Monte Torrecilla Thoroughwort', 39, '2017-05-18', 5.08, 39, 6295);
insert into Song (title, artist_id, release_date, duration, album_id, total_plays) values ('Gulf Blazing Star', 40, '1993-07-10', 3.05, 40, 9832);
insert into Song (title, artist_id, release_date, duration, album_id, total_plays) values ('Clubmoss', 41, '1963-06-23', 5.44, 41, 6789);
insert into Song (title, artist_id, release_date, duration, album_id, total_plays) values ('Long-pod-cassia', 42, '1992-04-04', 4.53, 42, 12);
insert into Song (title, artist_id, release_date, duration, album_id, total_plays) values ('Green Withe', 43, '2022-05-15', 0.34, 43, 9559);
insert into Song (title, artist_id, release_date, duration, album_id, total_plays) values ('Rush Lemonweed', 44, '2001-10-16', 3.72, 44, 1706);
insert into Song (title, artist_id, release_date, duration, album_id, total_plays) values ('Bengal Trumpet', 45, '1996-06-10', 2.84, 45, 5943);
insert into Song (title, artist_id, release_date, duration, album_id, total_plays) values ('Subalpine Fleabane', 46, '1966-10-23', 7.97, 46, 7656);
insert into Song (title, artist_id, release_date, duration, album_id, total_plays) values ('Butterflybush', 47, '2016-06-05', 1.58, 47, 5716);
insert into Song (title, artist_id, release_date, duration, album_id, total_plays) values ('Overcup Oak', 48, '1966-01-14', 2.12, 48, 3655);
insert into Song (title, artist_id, release_date, duration, album_id, total_plays) values ('Wasatch Rockcress', 49, '1983-03-16', 4.74, 49, 8549);
insert into Song (title, artist_id, release_date, duration, album_id, total_plays) values ('Cappel', 50, '1960-07-08', 5.65, 50, 4154);


insert into Song (title, artist_id, release_date, duration, album_id, total_plays) values ('Transvaal Daisy', 1, '1978-01-28', 4.19, 1, 215);
insert into Song (title, artist_id, release_date, duration, album_id, total_plays) values ('Romero Macho', 2, '1963-07-27', 4.18, 2, 7312);
insert into Song (title, artist_id, release_date, duration, album_id, total_plays) values ('Alaska Bellheather', 3, '1995-06-26', 2.79, 3, 7112);
insert into Song (title, artist_id, release_date, duration, album_id, total_plays) values ('Velvetleaf', 4, '2014-10-12', 7.85, 4, 5290);
insert into Song (title, artist_id, release_date, duration, album_id, total_plays) values ('Meadow Hawkweed', 5, '1979-12-24', 3.41, 5, 3609);
insert into Song (title, artist_id, release_date, duration, album_id, total_plays) values ('Fishscale Lichen', 6, '1977-12-29', 5.81, 6, 456);
insert into Song (title, artist_id, release_date, duration, album_id, total_plays) values ('Japanese Goose Neck Moss', 7, '1990-01-05', 5.6, 7, 2486);
insert into Song (title, artist_id, release_date, duration, album_id, total_plays) values ('Notocactus', 8, '1984-04-11', 3.04, 8, 9124);
insert into Song (title, artist_id, release_date, duration, album_id, total_plays) values ('Willowherb', 9, '1980-10-07', 4.01, 9, 8065);
insert into Song (title, artist_id, release_date, duration, album_id, total_plays) values ('Actinidia', 10, '1989-01-07', 5.5, 10, 5298);
insert into Song (title, artist_id, release_date, duration, album_id, total_plays) values ('Perezia', 11, '1962-02-06', 4.13, 11, 8035);
insert into Song (title, artist_id, release_date, duration, album_id, total_plays) values ('Nuttall''s Quillwort', 12, '2019-06-22', 6.94, 12, 4559);
insert into Song (title, artist_id, release_date, duration, album_id, total_plays) values ('Bull Clover', 13, '1998-01-02', 0.85, 13, 4173);
insert into Song (title, artist_id, release_date, duration, album_id, total_plays) values ('Arrowhead Vine', 14, '1968-06-24', 1.18, 14, 2929);
insert into Song (title, artist_id, release_date, duration, album_id, total_plays) values ('Spiked Western Rosinweed', 15, '2017-02-09', 2.37, 15, 4980);
insert into Song (title, artist_id, release_date, duration, album_id, total_plays) values ('Glaucus Willowherb', 16, '1989-07-05', 0.86, 16, 8131);
insert into Song (title, artist_id, release_date, duration, album_id, total_plays) values ('Christiansen''s Hobsonia Lichen', 17, '2017-10-15', 7.8, 17, 9605);
insert into Song (title, artist_id, release_date, duration, album_id, total_plays) values ('Thickstem Wild Cabbage', 18, '1962-05-27', 4.72, 18, 3245);
insert into Song (title, artist_id, release_date, duration, album_id, total_plays) values ('Snake Range Bladderpod', 19, '1964-03-22', 7.49, 19, 9229);
insert into Song (title, artist_id, release_date, duration, album_id, total_plays) values ('Cuban Windmill Grass', 20, '1978-10-04', 5.92, 20, 3911);
insert into Song (title, artist_id, release_date, duration, album_id, total_plays) values ('Mascarene Island Leaf-flower', 21, '1985-02-24', 2.13, 21, 9102);
insert into Song (title, artist_id, release_date, duration, album_id, total_plays) values ('Coastal Buckwheat', 22, '2001-01-16', 2.68, 22, 476);
insert into Song (title, artist_id, release_date, duration, album_id, total_plays) values ('Silverbell', 23, '2012-07-30', 1.93, 23, 5485);
insert into Song (title, artist_id, release_date, duration, album_id, total_plays) values ('Utah Bladderfern', 24, '2020-11-01', 6.94, 24, 4265);
insert into Song (title, artist_id, release_date, duration, album_id, total_plays) values ('Bajada Lupine', 25, '2003-12-26', 3.41, 25, 6513);
insert into Song (title, artist_id, release_date, duration, album_id, total_plays) values ('Shiny Coneflower', 26, '2004-12-08', 0.72, 26, 5711);
insert into Song (title, artist_id, release_date, duration, album_id, total_plays) values ('Mountain Ball Cactus', 27, '1984-05-21', 7.75, 27, 4181);
insert into Song (title, artist_id, release_date, duration, album_id, total_plays) values ('Navel Lichen', 28, '1970-02-05', 2.64, 28, 6982);
insert into Song (title, artist_id, release_date, duration, album_id, total_plays) values ('Firecracker Penstemon', 29, '1987-05-28', 7.18, 29, 5246);
insert into Song (title, artist_id, release_date, duration, album_id, total_plays) values ('Hyssopleaf Asphead', 30, '2011-03-16', 1.04, 30, 5158);
insert into Song (title, artist_id, release_date, duration, album_id, total_plays) values ('Serpentine Fleabane', 31, '1960-09-29', 4.68, 31, 8178);
insert into Song (title, artist_id, release_date, duration, album_id, total_plays) values ('Chilean Clover', 32, '1984-08-26', 3.3, 32, 1255);
insert into Song (title, artist_id, release_date, duration, album_id, total_plays) values ('Mesa Pepperwort', 33, '1998-06-02', 6.12, 33, 4238);
insert into Song (title, artist_id, release_date, duration, album_id, total_plays) values ('Forest Tetramolopium', 34, '1970-07-10', 7.82, 34, 6136);
insert into Song (title, artist_id, release_date, duration, album_id, total_plays) values ('Desert-rose', 35, '2006-07-15', 2.68, 35, 5324);
insert into Song (title, artist_id, release_date, duration, album_id, total_plays) values ('Benjamin Franklin Bush', 36, '1974-01-24', 6.82, 36, 9488);
insert into Song (title, artist_id, release_date, duration, album_id, total_plays) values ('Cuesta Pass Checker', 37, '1986-02-08', 3.28, 37, 8595);
insert into Song (title, artist_id, release_date, duration, album_id, total_plays) values ('Polyblastia Lichen', 38, '1961-07-11', 3.2, 38, 2066);
insert into Song (title, artist_id, release_date, duration, album_id, total_plays) values ('Kwakiutl''s Hollyfern', 39, '2021-08-07', 4.56, 39, 6519);
insert into Song (title, artist_id, release_date, duration, album_id, total_plays) values ('Yellow Rabbitbrush', 40, '1997-05-08', 1.33, 40, 6952);
insert into Song (title, artist_id, release_date, duration, album_id, total_plays) values ('Broadnineleaf Biscuitroot', 41, '2013-06-04', 4.68, 41, 5619);
insert into Song (title, artist_id, release_date, duration, album_id, total_plays) values ('Delta Arrowhead', 42, '1986-08-24', 7.6, 42, 8254);
insert into Song (title, artist_id, release_date, duration, album_id, total_plays) values ('Hoover''s Brodiaea', 43, '2017-02-20', 5.2, 43, 8790);
insert into Song (title, artist_id, release_date, duration, album_id, total_plays) values ('Fairy Beaksedge', 44, '1976-11-04', 0.13, 44, 5198);
insert into Song (title, artist_id, release_date, duration, album_id, total_plays) values ('Common Hoptree', 45, '1991-05-31', 7.05, 45, 8396);
insert into Song (title, artist_id, release_date, duration, album_id, total_plays) values ('Wildcane', 46, '2004-03-02', 4.23, 46, 619);
insert into Song (title, artist_id, release_date, duration, album_id, total_plays) values ('Groundcherry', 47, '1978-03-06', 3.26, 47, 1357);
insert into Song (title, artist_id, release_date, duration, album_id, total_plays) values ('Grimmia Dry Rock Moss', 48, '1963-05-13', 0.7, 48, 1591);
insert into Song (title, artist_id, release_date, duration, album_id, total_plays) values ('Mountain Goldenbanner', 49, '1965-10-26', 7.73, 49, 6966);
insert into Song (title, artist_id, release_date, duration, album_id, total_plays) values ('Littleleaf Minerslettuce', 50, '2021-11-07', 6.42, 50, 4685);

insert into Song (title, artist_id, release_date, duration, album_id, total_plays) values ('Notaris'' Soot Lichen', 1, '1975-09-04', 0.19, 1, 8063);
insert into Song (title, artist_id, release_date, duration, album_id, total_plays) values ('Large Knotgrass', 2, '2019-01-23', 7.93, 2, 549);
insert into Song (title, artist_id, release_date, duration, album_id, total_plays) values ('Alameda Manzanita', 3, '1988-01-17', 3.58, 3, 1578);
insert into Song (title, artist_id, release_date, duration, album_id, total_plays) values ('Engelmann Oak', 4, '2013-12-16', 2.53, 4, 2287);
insert into Song (title, artist_id, release_date, duration, album_id, total_plays) values ('Nuttall''s Mudflower', 5, '1984-01-23', 4.74, 5, 7185);
insert into Song (title, artist_id, release_date, duration, album_id, total_plays) values ('Pineland Dwarf Mistletoe', 6, '1963-04-19', 0.08, 6, 2384);
insert into Song (title, artist_id, release_date, duration, album_id, total_plays) values ('Rinodina Lichen', 7, '1983-04-15', 7.9, 7, 8603);
insert into Song (title, artist_id, release_date, duration, album_id, total_plays) values ('Pennsylvania Everlasting', 8, '1972-01-16', 4.26, 8, 3706);
insert into Song (title, artist_id, release_date, duration, album_id, total_plays) values ('Spreading Spleenwort', 9, '1975-12-16', 7.12, 9, 1530);
insert into Song (title, artist_id, release_date, duration, album_id, total_plays) values ('Oil Palm', 10, '1971-11-26', 4.65, 10, 9719);
insert into Song (title, artist_id, release_date, duration, album_id, total_plays) values ('Colorado Desert Buckwheat', 11, '1962-05-29', 4.47, 11, 131);
insert into Song (title, artist_id, release_date, duration, album_id, total_plays) values ('Boreal Bog Sedge', 12, '1967-03-29', 7.51, 12, 8439);
insert into Song (title, artist_id, release_date, duration, album_id, total_plays) values ('Wood Vetch', 13, '1965-03-26', 2.03, 13, 8987);
insert into Song (title, artist_id, release_date, duration, album_id, total_plays) values ('Canadian Waterweed', 14, '2008-01-30', 4.72, 14, 7384);
insert into Song (title, artist_id, release_date, duration, album_id, total_plays) values ('Ma''aloa', 15, '1983-12-12', 4.15, 15, 7945);
insert into Song (title, artist_id, release_date, duration, album_id, total_plays) values ('Tube Tongue', 16, '1996-11-03', 4.75, 16, 118);
insert into Song (title, artist_id, release_date, duration, album_id, total_plays) values ('Chilean Evening Primrose', 17, '2007-10-27', 6.29, 17, 6285);
insert into Song (title, artist_id, release_date, duration, album_id, total_plays) values ('Capillary Hairsedge', 18, '1985-05-23', 0.62, 18, 4777);
insert into Song (title, artist_id, release_date, duration, album_id, total_plays) values ('Patterson''s Milkvetch', 19, '1964-01-15', 1.68, 19, 3066);
insert into Song (title, artist_id, release_date, duration, album_id, total_plays) values ('Swordbush', 20, '1971-01-12', 7.92, 20, 8807);
insert into Song (title, artist_id, release_date, duration, album_id, total_plays) values ('Sea Bilberry', 21, '2016-04-11', 0.71, 21, 9524);
insert into Song (title, artist_id, release_date, duration, album_id, total_plays) values ('Brownfruit Rush', 22, '2021-12-10', 0.86, 22, 2032);
insert into Song (title, artist_id, release_date, duration, album_id, total_plays) values ('Spiked Woodrush', 23, '2007-02-13', 0.26, 23, 1259);
insert into Song (title, artist_id, release_date, duration, album_id, total_plays) values ('Canyon Bird''s-foot Trefoil', 24, '2006-03-02', 0.88, 24, 6014);
insert into Song (title, artist_id, release_date, duration, album_id, total_plays) values ('Colorado Rubberweed', 25, '1961-04-27', 5.03, 25, 7725);
insert into Song (title, artist_id, release_date, duration, album_id, total_plays) values ('Scorpion Milkvetch', 26, '1971-03-01', 0.44, 26, 1690);
insert into Song (title, artist_id, release_date, duration, album_id, total_plays) values ('Orthotrichum Moss', 27, '1961-02-05', 2.65, 27, 2199);
insert into Song (title, artist_id, release_date, duration, album_id, total_plays) values ('Soft Fissurewort', 28, '1995-11-24', 0.31, 28, 4760);
insert into Song (title, artist_id, release_date, duration, album_id, total_plays) values ('Chee Reedgrass', 29, '1963-08-26', 7.2, 29, 939);
insert into Song (title, artist_id, release_date, duration, album_id, total_plays) values ('California Buttercup', 30, '1979-08-19', 4.27, 30, 36);
insert into Song (title, artist_id, release_date, duration, album_id, total_plays) values ('Lesser Snapdragon', 31, '1984-06-06', 0.02, 31, 2146);
insert into Song (title, artist_id, release_date, duration, album_id, total_plays) values ('Ragged Nettlespurge', 32, '2009-12-05', 7.54, 32, 4509);
insert into Song (title, artist_id, release_date, duration, album_id, total_plays) values ('Melic Mannagrass', 33, '1986-07-03', 3.36, 33, 4746);
insert into Song (title, artist_id, release_date, duration, album_id, total_plays) values ('Rim Lichen', 34, '1985-05-22', 5.34, 34, 5215);
insert into Song (title, artist_id, release_date, duration, album_id, total_plays) values ('Mt. Waialeale ''ohe', 35, '1967-07-23', 4.98, 35, 2586);
insert into Song (title, artist_id, release_date, duration, album_id, total_plays) values ('Mourning Milkvetch', 36, '2006-05-13', 0.32, 36, 5474);
insert into Song (title, artist_id, release_date, duration, album_id, total_plays) values ('Rockdaisy', 37, '2008-07-24', 5.09, 37, 8749);
insert into Song (title, artist_id, release_date, duration, album_id, total_plays) values ('Slender Woolly Buckwheat', 38, '1966-02-08', 5.64, 38, 6230);
insert into Song (title, artist_id, release_date, duration, album_id, total_plays) values ('California Clematis', 39, '1966-02-07', 7.69, 39, 2977);
insert into Song (title, artist_id, release_date, duration, album_id, total_plays) values ('Alpine Chickweed', 40, '1965-11-29', 6.22, 40, 1304);
insert into Song (title, artist_id, release_date, duration, album_id, total_plays) values ('Perfoliate Bellwort', 41, '2011-05-07', 6.85, 41, 4342);
insert into Song (title, artist_id, release_date, duration, album_id, total_plays) values ('Mojave Desertparsley', 42, '1991-01-05', 3.33, 42, 3894);
insert into Song (title, artist_id, release_date, duration, album_id, total_plays) values ('Narrowfruit Sedge', 43, '2014-12-26', 1.97, 43, 9865);
insert into Song (title, artist_id, release_date, duration, album_id, total_plays) values ('Yucca Buckwheat', 44, '2001-08-03', 6.21, 44, 2748);
insert into Song (title, artist_id, release_date, duration, album_id, total_plays) values ('Groovestem Bouchea', 45, '2001-02-01', 6.38, 45, 7933);
insert into Song (title, artist_id, release_date, duration, album_id, total_plays) values ('Williams'' Miterwort', 46, '1990-07-07', 0.62, 46, 1321);
insert into Song (title, artist_id, release_date, duration, album_id, total_plays) values ('Langlois'' Fontinalis Moss', 47, '1985-09-10', 1.16, 47, 5642);
insert into Song (title, artist_id, release_date, duration, album_id, total_plays) values ('Bitter Panicgrass', 48, '1989-09-18', 1.6, 48, 566);
insert into Song (title, artist_id, release_date, duration, album_id, total_plays) values ('Wright''s Desert Honeysuckle', 49, '2016-01-18', 0.82, 49, 9288);
insert into Song (title, artist_id, release_date, duration, album_id, total_plays) values ('Hybrid Oak', 50, '1968-10-30', 4.14, 50, 9427);

insert into Playlist (user_id, name) values (3, 'Gembucket');
insert into Playlist (user_id, name) values (1, 'Bamity');
insert into Playlist (user_id, name) values (5, 'Zathin');
insert into Playlist (user_id, name) values (3, 'Flowdesk');
insert into Playlist (user_id, name) values (7, 'Asoka');
insert into Playlist (user_id, name) values (9, 'Subin');
insert into Playlist (user_id, name) values (10, 'Vagram');
insert into Playlist (user_id, name) values (10, 'Zathin');
insert into Playlist (user_id, name) values (9, 'Asoka');
insert into Playlist (user_id, name) values (2, 'Konklux');
insert into Playlist (user_id, name) values (10, 'Job');
insert into Playlist (user_id, name) values (7, 'Y-find');
insert into Playlist (user_id, name) values (2, 'Hatity');
insert into Playlist (user_id, name) values (10, 'Flowdesk');
insert into Playlist (user_id, name) values (10, 'Keylex');
insert into Playlist (user_id, name) values (9, 'Span');
insert into Playlist (user_id, name) values (8, 'Stronghold');
insert into Playlist (user_id, name) values (3, 'Zontrax');
insert into Playlist (user_id, name) values (9, 'Stronghold');
insert into Playlist (user_id, name) values (5, 'It');