insert into Users (username, password, first_name, last_name, admin_level, join_date) values ('auccelli0', 'x5WD1MH', 'Alisa', 'Uccelli', 2, '1963-09-13');
insert into Users (username, password, first_name, last_name, admin_level, join_date) values ('tcongdon1', '3loH9Z5', 'Tanney', 'Congdon', 2, '2017-02-16');
insert into Users (username, password, first_name, last_name, admin_level, join_date) values ('aaggs2', 'Ef7i7oIVmk7c', 'Alena', 'Aggs', 2, '1979-12-28');
insert into Users (username, password, first_name, last_name, admin_level, join_date) values ('btommasi3', 'PTQyDrPiXm', 'Bealle', 'Tommasi', 2, '1985-01-08');
insert into Users (username, password, first_name, last_name, admin_level, join_date) values ('sthicking4', '7A37fF', 'Sukey', 'Thicking', 2, '1983-02-09');
insert into Users (username, password, first_name, last_name, admin_level, join_date) values ('hkubin5', '5tPHDtYBIWsO', 'Holly', 'Kubin', 2, '1982-07-24');
insert into Users (username, password, first_name, last_name, admin_level, join_date) values ('tjanodet6', 'ItC9402', 'Tiebold', 'Janodet', 2, '2000-02-15');
insert into Users (username, password, first_name, last_name, admin_level, join_date) values ('bspir7', 'Caq3K8S1JWma', 'Barthel', 'Spir', 2, '2004-05-04');
insert into Users (username, password, first_name, last_name, admin_level, join_date) values ('tschlagman8', 'pG5dVteR', 'Thea', 'Schlagman', 2, '2020-04-01');
insert into Users (username, password, first_name, last_name, admin_level, join_date) values ('rhartopp9', '7U33E7C3VP', 'Royce', 'Hartopp', 2, '2006-03-08');
insert into Users (username, password, first_name, last_name, admin_level, join_date) values ('mjandela', 'x8F3Ug', 'Maribelle', 'Jandel', 2, '2015-10-06');
insert into Users (username, password, first_name, last_name, admin_level, join_date) values ('mcuseckb', 'tuGKE1CYO', 'Maryrose', 'Cuseck', 2, '2022-09-08');
insert into Users (username, password, first_name, last_name, admin_level, join_date) values ('wbartropc', 'vtzyFFr', 'Willis', 'Bartrop', 2, '2022-07-06');
insert into Users (username, password, first_name, last_name, admin_level, join_date) values ('cpeasemand', 'H6ePnAdeT', 'Cassi', 'Peaseman', 2, '1961-02-04');
insert into Users (username, password, first_name, last_name, admin_level, join_date) values ('adoyleye', 'oRybBB', 'Alie', 'Doyley', 2, '2021-10-21');
insert into Users (username, password, first_name, last_name, admin_level, join_date) values ('crawnef', 'AZvGN8sK', 'Clemmy', 'Rawne', 2, '1977-03-04');
insert into Users (username, password, first_name, last_name, admin_level, join_date) values ('nbockingg', '7LiYyLZ62z3', 'Nickolaus', 'Bocking', 2, '2021-09-24');
insert into Users (username, password, first_name, last_name, admin_level, join_date) values ('epartrickh', 'if0Q18', 'Emilia', 'Partrick', 2, '1987-09-24');
insert into Users (username, password, first_name, last_name, admin_level, join_date) values ('wjershi', 'OAWCs2sxIs', 'Wyn', 'Jersh', 2, '2019-06-02');
insert into Users (username, password, first_name, last_name, admin_level, join_date) values ('kbosomworthj', 'x7Ap4ql', 'Karna', 'Bosomworth', 2, '1983-09-25');
insert into Users (username, password, first_name, last_name, admin_level, join_date) values ('wpierrepontk', 'w0nXgSN', 'Witty', 'Pierrepont', 2, '1978-12-04');
insert into Users (username, password, first_name, last_name, admin_level, join_date) values ('jbudnkl', 'yeojpBhX', 'Julina', 'Budnk', 2, '1999-03-19');
insert into Users (username, password, first_name, last_name, admin_level, join_date) values ('cmoultonm', 'SwACLGcgP', 'Charlotte', 'Moulton', 2, '2010-12-30');
insert into Users (username, password, first_name, last_name, admin_level, join_date) values ('ktoorn', 'b4KPo5AXj0', 'Katheryn', 'Toor', 2, '1997-10-18');
insert into Users (username, password, first_name, last_name, admin_level, join_date) values ('vtrembleto', '2Uvm4q', 'Veronike', 'Tremblet', 2, '1978-03-06');
insert into Users (username, password, first_name, last_name, admin_level, join_date) values ('ceadesp', 'h2hXmpr', 'Camala', 'Eades', 2, '2000-03-04');
insert into Users (username, password, first_name, last_name, admin_level, join_date) values ('kvilliersq', 'R43FG6Dddqu9', 'Kleon', 'Villiers', 2, '2010-01-25');
insert into Users (username, password, first_name, last_name, admin_level, join_date) values ('mgottschalkr', 'W4qb6e', 'Maynard', 'Gottschalk', 2, '1973-04-07');
insert into Users (username, password, first_name, last_name, admin_level, join_date) values ('ceverwins', 'OTA4yM', 'Chicky', 'Everwin', 2, '2000-08-01');
insert into Users (username, password, first_name, last_name, admin_level, join_date) values ('joggt', 'GnmDEir4Jj', 'Janeta', 'Ogg', 2, '2009-10-15');
insert into Users (username, password, first_name, last_name, admin_level, join_date) values ('sleborgneu', 'UWqhT4d', 'Shannan', 'Le Borgne', 2, '1996-05-09');
insert into Users (username, password, first_name, last_name, admin_level, join_date) values ('rbalcombev', 'h9lbJ1XKX', 'Rhianna', 'Balcombe', 2, '1979-10-18');
insert into Users (username, password, first_name, last_name, admin_level, join_date) values ('bablittw', 'C3k1iGCAo1g', 'Bertine', 'Ablitt', 2, '1995-09-10');
insert into Users (username, password, first_name, last_name, admin_level, join_date) values ('lpensonx', 'owxDpk1YCa4', 'Lockwood', 'Penson', 2, '2004-08-17');
insert into Users (username, password, first_name, last_name, admin_level, join_date) values ('kmastery', 'gjqPrKtXK', 'Kylie', 'Master', 2, '2020-05-23');
insert into Users (username, password, first_name, last_name, admin_level, join_date) values ('khannisz', 'uKnGnRqbYVAU', 'Kassia', 'Hannis', 2, '1962-03-13');
insert into Users (username, password, first_name, last_name, admin_level, join_date) values ('aabsolon10', 'jAZzawsQ1', 'Aguistin', 'Absolon', 2, '1969-11-18');
insert into Users (username, password, first_name, last_name, admin_level, join_date) values ('bpetronis11', 'oZihea', 'Blair', 'Petronis', 2, '1969-06-02');
insert into Users (username, password, first_name, last_name, admin_level, join_date) values ('nscottini12', '702noix', 'Nollie', 'Scottini', 2, '2005-07-03');
insert into Users (username, password, first_name, last_name, admin_level, join_date) values ('kcosins13', 'qTRZK2WJf', 'Kelli', 'Cosins', 2, '1989-01-13');
insert into Users (username, password, first_name, last_name, admin_level, join_date) values ('obanane14', 'x8925mqfm', 'Osbourn', 'Banane', 2, '2012-07-05');
insert into Users (username, password, first_name, last_name, admin_level, join_date) values ('pshilliday15', 'qx9bTFR2kyB', 'Pammie', 'Shilliday', 2, '1967-01-02');
insert into Users (username, password, first_name, last_name, admin_level, join_date) values ('cboner16', 'pWSd5EW', 'Carlo', 'Boner', 2, '1991-03-24');
insert into Users (username, password, first_name, last_name, admin_level, join_date) values ('djumonet17', 'QHXNjESa0q', 'Dennis', 'Jumonet', 2, '1985-11-11');
insert into Users (username, password, first_name, last_name, admin_level, join_date) values ('scastleton18', 'Jj1S65', 'Shannah', 'Castleton', 2, '2000-09-26');
insert into Users (username, password, first_name, last_name, admin_level, join_date) values ('ktruter19', 'tlbNnvNj', 'Koren', 'Truter', 2, '1999-01-23');
insert into Users (username, password, first_name, last_name, admin_level, join_date) values ('sbrunnstein1a', 'N4f4iG53xO', 'Susie', 'Brunnstein', 2, '1965-12-11');
insert into Users (username, password, first_name, last_name, admin_level, join_date) values ('sbolino1b', 'gri8WPW', 'Steve', 'Bolino', 3, '1976-01-01');
insert into Users (username, password, first_name, last_name, admin_level, join_date) values ('gmacallister1c', 'ZJgDtpuOQHLl', 'Gayle', 'MacAllister', 3, '2012-02-27');
insert into Users (username, password, first_name, last_name, admin_level, join_date) values ('fwoonton1d', 'L4qRgAlW', 'Frankie', 'Woonton', 3, '2001-01-10');
insert into Artist (artist_id, name, location, join_date) values (1, 'Robust', 'Cairima', '1973-06-21');
insert into Artist (artist_id, name, location, join_date) values (2, 'value-added', 'Krajan Tambakrejo', '2015-08-29');
insert into Artist (artist_id, name, location, join_date) values (3, 'Object-based', 'Sitangkai', '1996-11-30');
insert into Artist (artist_id, name, location, join_date) values (4, 'knowledge user', 'Lyon', '1975-06-16');
insert into Artist (artist_id, name, location, join_date) values (5, 'transitional', 'Barra do Piraí', '1972-01-06');
insert into Artist (artist_id, name, location, join_date) values (6, 'local area network', 'Zolotyy Potik', '1979-06-30');
insert into Artist (artist_id, name, location, join_date) values (7, 'intermediate', 'Mikulcice', '2003-11-04');
insert into Artist (artist_id, name, location, join_date) values (8, 'artificial intelligence', 'Huangmei', '1979-04-10');
insert into Artist (artist_id, name, location, join_date) values (9, 'Cross-group', 'Utrecht (stad)', '1992-10-05');
insert into Artist (artist_id, name, location, join_date) values (10, 'Re-contextualized', 'Rybno', '1989-09-01');
insert into Artist (artist_id, name, location, join_date) values (11, 'fresh-thinking', 'Pampierstad', '1990-06-14');
insert into Artist (artist_id, name, location, join_date) values (12, 'implementation', 'Szombathely', '1995-01-27');
insert into Artist (artist_id, name, location, join_date) values (13, '4th generation', 'Khóra', '1995-06-29');
insert into Artist (artist_id, name, location, join_date) values (14, 'fault-tolerant', 'Nowshahr', '1977-08-21');
insert into Artist (artist_id, name, location, join_date) values (15, 'neural-net', 'Düsseldorf', '1972-01-15');
insert into Artist (artist_id, name, location, join_date) values (16, 'success', 'Matozinhos', '2004-04-29');
insert into Artist (artist_id, name, location, join_date) values (17, 'bi-directional', 'Palapye', '1971-12-17');
insert into Artist (artist_id, name, location, join_date) values (18, 'encryption', 'Buhe', '2014-02-13');
insert into Artist (artist_id, name, location, join_date) values (19, 'object-oriented', 'Hanam', '1997-10-16');
insert into Artist (artist_id, name, location, join_date) values (20, 'global', 'Gorzkowice', '1973-12-08');
insert into Artist (artist_id, name, location, join_date) values (21, 'content-based', 'Panambi', '1982-04-26');
insert into Artist (artist_id, name, location, join_date) values (22, 'Versatile', 'Goussainville', '2006-09-06');
insert into Artist (artist_id, name, location, join_date) values (23, 'homogeneous', 'Stende', '1968-04-26');
insert into Artist (artist_id, name, location, join_date) values (24, 'tangible', 'Soisy-sous-Montmorency', '1981-03-31');
insert into Artist (artist_id, name, location, join_date) values (25, 'pricing structure', 'Jieshou', '1963-11-22');
insert into Artist (artist_id, name, location, join_date) values (26, 'system engine', 'Boca Raton', '2001-01-09');
insert into Artist (artist_id, name, location, join_date) values (27, 'discrete', 'Schellenberg', '2000-02-22');
insert into Artist (artist_id, name, location, join_date) values (28, 'installation', 'Aktsyabrski', '1963-07-15');
insert into Artist (artist_id, name, location, join_date) values (29, 'stable', 'Biloxi', '2018-01-27');
insert into Artist (artist_id, name, location, join_date) values (30, 'Monitored', 'Naxos', '1966-02-01');
insert into Artist (artist_id, name, location, join_date) values (31, 'Fundamental', 'Carvalhal da Aroeira', '1980-12-05');
insert into Artist (artist_id, name, location, join_date) values (32, 'value-added', 'Berlin', '2009-01-10');
insert into Artist (artist_id, name, location, join_date) values (33, 'concept', 'Kamionka', '2022-04-12');
insert into Artist (artist_id, name, location, join_date) values (34, 'Programmable', 'Taesal-li', '1975-04-13');
insert into Artist (artist_id, name, location, join_date) values (35, 'open architecture', 'Mrozy', '2006-05-30');
insert into Artist (artist_id, name, location, join_date) values (36, 'Extended', 'Oslo', '1988-03-20');
insert into Artist (artist_id, name, location, join_date) values (37, 'open architecture', 'Uglovoye', '2014-06-24');
insert into Artist (artist_id, name, location, join_date) values (38, 'empowering', 'Wanhu', '2013-09-29');
insert into Artist (artist_id, name, location, join_date) values (39, 'scalable', 'Matangpayang', '2018-02-17');
insert into Artist (artist_id, name, location, join_date) values (40, 'static', 'Timeng', '1961-09-12');
insert into Artist (artist_id, name, location, join_date) values (41, 'data-warehouse', 'Banjar Batuaji Kaja', '1994-10-15');
insert into Artist (artist_id, name, location, join_date) values (42, 'Focused', 'Zigong', '2009-07-01');
insert into Artist (artist_id, name, location, join_date) values (43, 'success', 'Nakatsugawa', '2016-07-09');
insert into Artist (artist_id, name, location, join_date) values (44, 'fault-tolerant', 'Tuanshan', '1965-03-03');
insert into Artist (artist_id, name, location, join_date) values (45, 'portal', 'Santa Luzia', '2017-03-23');
insert into Artist (artist_id, name, location, join_date) values (46, 'open architecture', 'Ciracap', '2022-10-16');
insert into Artist (artist_id, name, location, join_date) values (47, 'initiative', 'Sishui', '2010-08-24');
insert into Artist (artist_id, name, location, join_date) values (48, 'core', 'Brive-la-Gaillarde', '1963-04-11');
insert into Artist (artist_id, name, location, join_date) values (49, 'hybrid', 'Marshintsy', '1988-11-24');
insert into Artist (artist_id, name, location, join_date) values (50, 'installation', 'Voskopojë', '1990-12-17');



insert into Album (name, artist_id, date_added) values ('Antelope, roan', 22, '1988-03-12');
insert into Album (name, artist_id, date_added) values ('Butterfly, canadian tiger swallowtail', 21, '1966-08-06');
insert into Album (name, artist_id, date_added) values ('Tiger cat', 37, '1963-03-03');
insert into Album (name, artist_id, date_added) values ('Black-tailed tree creeper', 4, '1989-01-30');
insert into Album (name, artist_id, date_added) values ('Bustard, kori', 34, '1995-03-29');
insert into Album (name, artist_id, date_added) values ('Insect, stick', 6, '1989-03-30');
insert into Album (name, artist_id, date_added) values ('Tammar wallaby', 13, '2017-04-11');
insert into Album (name, artist_id, date_added) values ('Margay', 30, '1991-06-03');
insert into Album (name, artist_id, date_added) values ('Common genet', 13, '1973-07-24');
insert into Album (name, artist_id, date_added) values ('Frogmouth, tawny', 46, '1969-06-09');
insert into Album (name, artist_id, date_added) values ('Rhesus monkey', 15, '1978-06-06');
insert into Album (name, artist_id, date_added) values ('White-winged dove', 8, '2000-12-13');
insert into Album (name, artist_id, date_added) values ('Asian openbill', 50, '1965-01-07');
insert into Album (name, artist_id, date_added) values ('Turkey, wild', 43, '1992-03-15');
insert into Album (name, artist_id, date_added) values ('Macaw, blue and yellow', 43, '2017-10-11');
insert into Album (name, artist_id, date_added) values ('Toddy cat', 10, '2020-12-31');
insert into Album (name, artist_id, date_added) values ('Macaw, blue and yellow', 37, '1984-01-25');
insert into Album (name, artist_id, date_added) values ('Ring-tailed possum', 7, '1975-06-17');
insert into Album (name, artist_id, date_added) values ('Peacock, blue', 12, '2003-10-24');
insert into Album (name, artist_id, date_added) values ('Paddy heron (unidentified)', 9, '1997-05-07');
insert into Album (name, artist_id, date_added) values ('Ibis, glossy', 14, '1978-01-03');
insert into Album (name, artist_id, date_added) values ('Avocet, pied', 31, '2002-07-02');
insert into Album (name, artist_id, date_added) values ('Asian lion', 45, '2002-07-06');
insert into Album (name, artist_id, date_added) values ('Pale-throated three-toed sloth', 40, '2004-07-18');
insert into Album (name, artist_id, date_added) values ('Yellow baboon', 17, '1975-07-16');
insert into Album (name, artist_id, date_added) values ('Rattlesnake, eastern diamondback', 19, '2001-11-11');
insert into Album (name, artist_id, date_added) values ('Spurfowl, yellow-necked', 22, '2010-05-07');
insert into Album (name, artist_id, date_added) values ('Four-horned antelope', 32, '1976-01-17');
insert into Album (name, artist_id, date_added) values ('Red-tailed hawk', 48, '1982-09-12');
insert into Album (name, artist_id, date_added) values ('Fox, arctic', 4, '2013-08-10');
insert into Album (name, artist_id, date_added) values ('Boa, mexican', 11, '1995-06-14');
insert into Album (name, artist_id, date_added) values ('Goose, egyptian', 28, '1997-07-07');
insert into Album (name, artist_id, date_added) values ('Red-tailed wambenger', 48, '2016-08-04');
insert into Album (name, artist_id, date_added) values ('Flying fox (unidentified)', 45, '2019-12-15');
insert into Album (name, artist_id, date_added) values ('Stork, woolly-necked', 16, '1991-04-25');
insert into Album (name, artist_id, date_added) values ('Heron, little', 39, '1968-07-30');
insert into Album (name, artist_id, date_added) values ('Yellow-billed hornbill', 20, '2003-11-30');
insert into Album (name, artist_id, date_added) values ('Pelican, brown', 41, '1962-12-17');
insert into Album (name, artist_id, date_added) values ('Elephant, african', 7, '2018-01-05');
insert into Album (name, artist_id, date_added) values ('Spotted wood sandpiper', 24, '1961-12-08');
insert into Album (name, artist_id, date_added) values ('Banded mongoose', 42, '2014-07-19');
insert into Album (name, artist_id, date_added) values ('Red phalarope', 34, '1968-11-14');
insert into Album (name, artist_id, date_added) values ('Peacock, blue', 16, '1971-10-18');
insert into Album (name, artist_id, date_added) values ('Oryx, beisa', 24, '1975-09-07');
insert into Album (name, artist_id, date_added) values ('Common boubou shrike', 4, '2006-09-22');
insert into Album (name, artist_id, date_added) values ('African wild dog', 44, '1962-03-28');
insert into Album (name, artist_id, date_added) values ('Openbill stork', 13, '2014-02-21');
insert into Album (name, artist_id, date_added) values ('Chacma baboon', 2, '2002-01-24');
insert into Album (name, artist_id, date_added) values ('Chilean flamingo', 11, '1993-08-06');
insert into Album (name, artist_id, date_added) values ('Crane, wattled', 41, '1981-05-23');
insert into Album (name, artist_id, date_added) values ('Blue-faced booby', 8, '2014-01-29');
insert into Album (name, artist_id, date_added) values ('White-throated kingfisher', 22, '2000-06-12');
insert into Album (name, artist_id, date_added) values ('Porcupine, north american', 8, '1991-11-01');
insert into Album (name, artist_id, date_added) values ('Lemur, grey mouse', 10, '1991-07-24');
insert into Album (name, artist_id, date_added) values ('Squirrel, pine', 2, '2011-12-15');
insert into Album (name, artist_id, date_added) values ('Goose, andean', 10, '2016-05-20');
insert into Album (name, artist_id, date_added) values ('Greylag goose', 23, '1996-10-08');
insert into Album (name, artist_id, date_added) values ('Rose-ringed parakeet', 42, '1964-12-15');
insert into Album (name, artist_id, date_added) values ('Wolf, common', 40, '1976-07-17');
insert into Album (name, artist_id, date_added) values ('Sloth, pale-throated three-toed', 17, '2022-09-13');
insert into Album (name, artist_id, date_added) values ('Jungle cat', 22, '2021-01-21');
insert into Album (name, artist_id, date_added) values ('Cormorant, king', 11, '1985-10-02');
insert into Album (name, artist_id, date_added) values ('American bison', 21, '2012-04-01');
insert into Album (name, artist_id, date_added) values ('Western lowland gorilla', 19, '1979-02-04');
insert into Album (name, artist_id, date_added) values ('Secretary bird', 44, '2008-03-13');
insert into Album (name, artist_id, date_added) values ('North American red fox', 28, '2006-12-13');
insert into Album (name, artist_id, date_added) values ('Eagle, bald', 4, '1967-02-22');
insert into Album (name, artist_id, date_added) values ('Four-striped grass mouse', 45, '2008-06-07');
insert into Album (name, artist_id, date_added) values ('Turtle, long-necked', 47, '2013-05-14');
insert into Album (name, artist_id, date_added) values ('Tailless tenrec', 15, '2004-07-06');
insert into Album (name, artist_id, date_added) values ('Tern, royal', 21, '1994-11-28');
insert into Album (name, artist_id, date_added) values ('Tawny frogmouth', 35, '1998-02-11');
insert into Album (name, artist_id, date_added) values ('Heron, gray', 23, '1966-08-09');
insert into Album (name, artist_id, date_added) values ('Mouflon', 44, '1968-08-26');
insert into Album (name, artist_id, date_added) values ('Phascogale, brush-tailed', 1, '2014-09-03');
insert into Album (name, artist_id, date_added) values ('Badger, eurasian', 14, '1970-01-26');
insert into Album (name, artist_id, date_added) values ('Oribi', 50, '2022-06-14');
insert into Album (name, artist_id, date_added) values ('Elegant crested tinamou', 45, '1983-06-17');
insert into Album (name, artist_id, date_added) values ('European beaver', 35, '1964-04-27');
insert into Album (name, artist_id, date_added) values ('Pelican, great white', 10, '1962-05-16');
insert into Album (name, artist_id, date_added) values ('Fairy penguin', 1, '2012-01-26');
insert into Album (name, artist_id, date_added) values ('Dog, black-tailed prairie', 18, '2008-06-07');
insert into Album (name, artist_id, date_added) values ('Porcupine, crested', 42, '1964-07-30');
insert into Album (name, artist_id, date_added) values ('Red meerkat', 46, '1992-10-28');
insert into Album (name, artist_id, date_added) values ('Stork, white', 2, '2003-09-30');
insert into Album (name, artist_id, date_added) values ('Monkey, red howler', 33, '1991-06-09');
insert into Album (name, artist_id, date_added) values ('Red hartebeest', 3, '1965-04-02');
insert into Album (name, artist_id, date_added) values ('Steller sea lion', 24, '2020-06-09');
insert into Album (name, artist_id, date_added) values ('Black-crowned crane', 21, '2019-08-15');
insert into Album (name, artist_id, date_added) values ('Western bearded dragon', 23, '1985-05-08');
insert into Album (name, artist_id, date_added) values ('Moorhen, purple', 5, '2012-03-11');
insert into Album (name, artist_id, date_added) values ('King cormorant', 33, '1966-11-20');
insert into Album (name, artist_id, date_added) values ('Heron, giant', 5, '2010-10-26');
insert into Album (name, artist_id, date_added) values ('Egyptian goose', 25, '1981-02-27');
insert into Album (name, artist_id, date_added) values ('Nine-banded armadillo', 8, '1962-08-04');
insert into Album (name, artist_id, date_added) values ('Woodpecker, downy', 33, '1989-08-01');
insert into Album (name, artist_id, date_added) values ('Thomson''s gazelle', 28, '2007-11-15');
insert into Album (name, artist_id, date_added) values ('Tortoise, indian star', 33, '1963-12-28');
insert into Album (name, artist_id, date_added) values ('Lizard, giant girdled', 42, '1976-09-01');
insert into Album (name, artist_id, date_added) values ('Black-crowned night heron', 30, '1980-02-04');
insert into Album (name, artist_id, date_added) values ('Bristleflower Collomia', 1, '1970-05-07');
insert into Album (name, artist_id, date_added) values ('Rapp''s Biatorella Lichen', 2, '1988-11-13');
insert into Album (name, artist_id, date_added) values ('Palmer''s Breadroot', 3, '1993-05-19');
insert into Album (name, artist_id, date_added) values ('Jensen''s Polytrichum Moss', 4, '2019-01-25');
insert into Album (name, artist_id, date_added) values ('Pineland Valerian', 5, '1982-05-23');
insert into Album (name, artist_id, date_added) values ('New Mexico Milkwort', 6, '2019-12-03');
insert into Album (name, artist_id, date_added) values ('Bearded Milkvetch', 7, '1972-10-05');
insert into Album (name, artist_id, date_added) values ('Whiteleaf Manzanita', 8, '2005-03-03');
insert into Album (name, artist_id, date_added) values ('Antilles Parmotremopsis', 9, '1997-03-03');
insert into Album (name, artist_id, date_added) values ('Blue Eyed Mary', 10, '2010-03-27');
insert into Album (name, artist_id, date_added) values ('Smallflower Clermontia', 11, '1975-02-10');
insert into Album (name, artist_id, date_added) values ('Brush Cherry', 12, '1993-12-28');
insert into Album (name, artist_id, date_added) values ('Thinsepal Monkeyflower', 13, '2006-08-08');
insert into Album (name, artist_id, date_added) values ('Pineland Valerian', 14, '1998-12-12');
insert into Album (name, artist_id, date_added) values ('Madieravine', 15, '2019-03-03');
insert into Album (name, artist_id, date_added) values ('Smallflower Phyllostegia', 16, '1963-05-01');
insert into Album (name, artist_id, date_added) values ('Longleaf Glorytree', 17, '2016-04-01');
insert into Album (name, artist_id, date_added) values ('Aromatic Indian Breadroot', 18, '1983-07-11');
insert into Album (name, artist_id, date_added) values ('Umbrellagrass', 19, '2014-06-10');
insert into Album (name, artist_id, date_added) values ('Lake Willow Dock', 20, '1982-11-29');
insert into Album (name, artist_id, date_added) values ('Mexican Ricegrass', 21, '1963-02-05');
insert into Album (name, artist_id, date_added) values ('Ramon', 22, '1999-01-15');
insert into Album (name, artist_id, date_added) values ('Scurfpea', 23, '1963-12-25');
insert into Album (name, artist_id, date_added) values ('Florida Ticktrefoil', 24, '1975-12-23');
insert into Album (name, artist_id, date_added) values ('Vervain', 25, '1996-12-20');
insert into Album (name, artist_id, date_added) values ('Hulumoa', 26, '2011-03-12');
insert into Album (name, artist_id, date_added) values ('Curvepod Milkvetch', 27, '2002-12-02');
insert into Album (name, artist_id, date_added) values ('Boreal Draba', 28, '1968-05-15');
insert into Album (name, artist_id, date_added) values ('Camphor Pluchea', 29, '1998-09-12');
insert into Album (name, artist_id, date_added) values ('Canoparmelia Lichen', 30, '1969-11-07');
insert into Album (name, artist_id, date_added) values ('Circumpolar Starwort', 31, '2009-11-27');
insert into Album (name, artist_id, date_added) values ('Hard Wallflower', 32, '2003-12-04');
insert into Album (name, artist_id, date_added) values ('Bog Labordia', 33, '2019-09-27');
insert into Album (name, artist_id, date_added) values ('Antifever Fontinalis Moss', 34, '1982-03-07');
insert into Album (name, artist_id, date_added) values ('Mountainheath', 35, '2011-01-30');
insert into Album (name, artist_id, date_added) values ('Bryum Moss', 36, '2020-08-21');
insert into Album (name, artist_id, date_added) values ('Koolau Range Beggarticks', 37, '2006-09-21');
insert into Album (name, artist_id, date_added) values ('Dwarf Spurge', 38, '1972-11-12');
insert into Album (name, artist_id, date_added) values ('Sea-fern Grass', 39, '1994-07-05');
insert into Album (name, artist_id, date_added) values ('Manybristle Chinchweed', 40, '1979-07-18');
insert into Album (name, artist_id, date_added) values ('Missouri Gourd', 41, '1980-03-13');
insert into Album (name, artist_id, date_added) values ('Littleflower Figwort', 42, '1995-07-09');
insert into Album (name, artist_id, date_added) values ('Buckwheat', 43, '1994-06-04');
insert into Album (name, artist_id, date_added) values ('Mediterranean Sweetclover', 44, '2000-04-11');
insert into Album (name, artist_id, date_added) values ('Rochester Hawthorn', 45, '1978-04-14');
insert into Album (name, artist_id, date_added) values ('Lance Fern', 46, '1996-09-17');
insert into Album (name, artist_id, date_added) values ('Ivyleaf Geranium', 47, '1992-01-23');
insert into Album (name, artist_id, date_added) values ('Alabama Pitcherplant', 48, '2016-01-09');
insert into Album (name, artist_id, date_added) values ('Hybrid Cypress', 49, '1968-05-25');
insert into Album (name, artist_id, date_added) values ('Bigleaf Lupine', 50, '1988-09-08');

    insert into Song (title, album_id, artist_id, song_path, cover_path, uploaded_date, total_plays) values ('Spizaetus coronatus', 119, 49, 'gfreeburn0@cbslocal.com', 'Male', '1983-07-11', 2313);
insert into Song (title, album_id, artist_id, song_path, cover_path, uploaded_date, total_plays) values ('Cervus duvauceli', 125, 33, 'nbarkas1@furl.net', 'Male', '2021-09-01', 1235);
insert into Song (title, album_id, artist_id, song_path, cover_path, uploaded_date, total_plays) values ('Kobus leche robertsi', 12, 39, 'flulham2@redcross.org', 'Male', '1997-10-01', 6293);
insert into Song (title, album_id, artist_id, song_path, cover_path, uploaded_date, total_plays) values ('Chloephaga melanoptera', 138, 25, 'aphizakarley3@netscape.com', 'Male', '2013-07-05', 8237);
insert into Song (title, album_id, artist_id, song_path, cover_path, uploaded_date, total_plays) values ('unavailable', 77, 23, 'fewbanche4@vimeo.com', 'Female', '2021-10-17', 9393);
insert into Song (title, album_id, artist_id, song_path, cover_path, uploaded_date, total_plays) values ('Lamprotornis chalybaeus', 38, 48, 'tdurdle5@dion.ne.jp', 'Male', '2019-06-13', 6840);
insert into Song (title, album_id, artist_id, song_path, cover_path, uploaded_date, total_plays) values ('Stenella coeruleoalba', 102, 26, 'cwhightman6@gravatar.com', 'Female', '2016-06-16', 3676);
insert into Song (title, album_id, artist_id, song_path, cover_path, uploaded_date, total_plays) values ('Macropus parryi', 38, 40, 'sropkins7@amazon.co.uk', 'Genderfluid', '1997-07-10', 477);
insert into Song (title, album_id, artist_id, song_path, cover_path, uploaded_date, total_plays) values ('Irania gutteralis', 109, 39, 'dallred8@fotki.com', 'Bigender', '2010-03-17', 2886);
insert into Song (title, album_id, artist_id, song_path, cover_path, uploaded_date, total_plays) values ('Cygnus atratus', 98, 36, 'ovangeffen9@businesswire.com', 'Female', '2000-02-23', 2823);
insert into Song (title, album_id, artist_id, song_path, cover_path, uploaded_date, total_plays) values ('Sitta canadensis', 111, 33, 'ntochera@youku.com', 'Male', '1986-09-29', 3048);
insert into Song (title, album_id, artist_id, song_path, cover_path, uploaded_date, total_plays) values ('Smithopsis crassicaudata', 11, 20, 'seasterbrookb@quantcast.com', 'Female', '1986-10-24', 7877);
insert into Song (title, album_id, artist_id, song_path, cover_path, uploaded_date, total_plays) values ('Ursus americanus', 102, 7, 'breelyc@example.com', 'Female', '1995-09-07', 5873);
insert into Song (title, album_id, artist_id, song_path, cover_path, uploaded_date, total_plays) values ('Gyps bengalensis', 85, 17, 'aschlaghd@netvibes.com', 'Male', '1989-06-18', 8943);
insert into Song (title, album_id, artist_id, song_path, cover_path, uploaded_date, total_plays) values ('Myrmecophaga tridactyla', 38, 41, 'crosencrantze@e-recht24.de', 'Male', '1994-08-25', 7017);
insert into Song (title, album_id, artist_id, song_path, cover_path, uploaded_date, total_plays) values ('Trichosurus vulpecula', 150, 41, 'dmanginf@skyrock.com', 'Female', '2017-11-09', 1175);
insert into Song (title, album_id, artist_id, song_path, cover_path, uploaded_date, total_plays) values ('Macropus eugenii', 63, 17, 'fdunbarg@merriam-webster.com', 'Male', '2006-10-01', 1040);
insert into Song (title, album_id, artist_id, song_path, cover_path, uploaded_date, total_plays) values ('Columba palumbus', 12, 6, 'hgarrettsonh@phoca.cz', 'Female', '1990-07-31', 1088);
insert into Song (title, album_id, artist_id, song_path, cover_path, uploaded_date, total_plays) values ('Eudromia elegans', 79, 15, 'rfludei@slate.com', 'Male', '2019-10-14', 6099);
insert into Song (title, album_id, artist_id, song_path, cover_path, uploaded_date, total_plays) values ('Hydrochoerus hydrochaeris', 66, 3, 'mfoardj@gizmodo.com', 'Female', '1998-10-29', 9366);
insert into Song (title, album_id, artist_id, song_path, cover_path, uploaded_date, total_plays) values ('Tyto novaehollandiae', 149, 32, 'apelzk@newsvine.com', 'Male', '2016-11-08', 5288);
insert into Song (title, album_id, artist_id, song_path, cover_path, uploaded_date, total_plays) values ('Eumetopias jubatus', 137, 33, 'rropsl@unesco.org', 'Male', '2000-06-22', 2307);
insert into Song (title, album_id, artist_id, song_path, cover_path, uploaded_date, total_plays) values ('Cordylus giganteus', 22, 23, 'iwhitebrookm@hp.com', 'Male', '2005-11-09', 5463);
insert into Song (title, album_id, artist_id, song_path, cover_path, uploaded_date, total_plays) values ('unavailable', 149, 40, 'twarlawen@baidu.com', 'Male', '1989-05-03', 1687);
insert into Song (title, album_id, artist_id, song_path, cover_path, uploaded_date, total_plays) values ('Orcinus orca', 7, 14, 'lbighamo@cnn.com', 'Female', '2018-12-24', 7567);
insert into Song (title, album_id, artist_id, song_path, cover_path, uploaded_date, total_plays) values ('Anitibyx armatus', 32, 42, 'mchapierp@w3.org', 'Female', '1982-10-31', 3896);
insert into Song (title, album_id, artist_id, song_path, cover_path, uploaded_date, total_plays) values ('Ateles paniscus', 77, 42, 'spaulq@barnesandnoble.com', 'Male', '2021-06-02', 4412);
insert into Song (title, album_id, artist_id, song_path, cover_path, uploaded_date, total_plays) values ('Redunca redunca', 144, 50, 'nrodderr@e-recht24.de', 'Female', '1983-08-02', 4433);
insert into Song (title, album_id, artist_id, song_path, cover_path, uploaded_date, total_plays) values ('Spermophilus parryii', 8, 27, 'cklausens@cargocollective.com', 'Female', '1986-04-29', 5299);
insert into Song (title, album_id, artist_id, song_path, cover_path, uploaded_date, total_plays) values ('Mirounga leonina', 68, 32, 'nmclewdt@symantec.com', 'Female', '2013-09-15', 9630);
insert into Song (title, album_id, artist_id, song_path, cover_path, uploaded_date, total_plays) values ('Rhea americana', 35, 48, 'blamborneu@oaic.gov.au', 'Male', '2012-12-13', 9946);
insert into Song (title, album_id, artist_id, song_path, cover_path, uploaded_date, total_plays) values ('Ephipplorhynchus senegalensis', 81, 24, 'dmongeotv@rakuten.co.jp', 'Male', '1989-10-27', 1147);
insert into Song (title, album_id, artist_id, song_path, cover_path, uploaded_date, total_plays) values ('unavailable', 34, 32, 'msatchelw@washingtonpost.com', 'Female', '1987-01-18', 8097);
insert into Song (title, album_id, artist_id, song_path, cover_path, uploaded_date, total_plays) values ('Chauna torquata', 149, 48, 'ljuszczakx@unc.edu', 'Female', '2014-12-13', 6699);
insert into Song (title, album_id, artist_id, song_path, cover_path, uploaded_date, total_plays) values ('Alcelaphus buselaphus cokii', 88, 31, 'hmalyy@bloomberg.com', 'Male', '2012-09-26', 5915);
insert into Song (title, album_id, artist_id, song_path, cover_path, uploaded_date, total_plays) values ('Spilogale gracilis', 42, 39, 'dferrarinz@xrea.com', 'Female', '2018-05-22', 6653);
insert into Song (title, album_id, artist_id, song_path, cover_path, uploaded_date, total_plays) values ('unavailable', 53, 28, 'rsiddele10@weibo.com', 'Male', '2008-03-07', 6626);
insert into Song (title, album_id, artist_id, song_path, cover_path, uploaded_date, total_plays) values ('Haematopus ater', 71, 19, 'jspur11@wired.com', 'Female', '2015-08-30', 51);
insert into Song (title, album_id, artist_id, song_path, cover_path, uploaded_date, total_plays) values ('Pelecans onocratalus', 85, 45, 'dcathersides12@skype.com', 'Female', '1998-05-31', 7075);
insert into Song (title, album_id, artist_id, song_path, cover_path, uploaded_date, total_plays) values ('Uraeginthus bengalus', 92, 23, 'heaglen13@twitpic.com', 'Female', '2009-10-18', 3605);
insert into Song (title, album_id, artist_id, song_path, cover_path, uploaded_date, total_plays) values ('Canis mesomelas', 54, 47, 'crantoul14@usnews.com', 'Female', '1983-08-25', 2424);
insert into Song (title, album_id, artist_id, song_path, cover_path, uploaded_date, total_plays) values ('Pteropus rufus', 45, 24, 'khyndson15@upenn.edu', 'Male', '1983-01-28', 7233);
insert into Song (title, album_id, artist_id, song_path, cover_path, uploaded_date, total_plays) values ('Erinaceus frontalis', 82, 20, 'jwildsmith16@reference.com', 'Female', '1990-07-13', 2153);
insert into Song (title, album_id, artist_id, song_path, cover_path, uploaded_date, total_plays) values ('Physignathus cocincinus', 48, 23, 'dsharpin17@arstechnica.com', 'Female', '2016-03-08', 286);
insert into Song (title, album_id, artist_id, song_path, cover_path, uploaded_date, total_plays) values ('Larus novaehollandiae', 118, 8, 'gfulks18@house.gov', 'Genderfluid', '1986-07-29', 2507);
insert into Song (title, album_id, artist_id, song_path, cover_path, uploaded_date, total_plays) values ('Chloephaga melanoptera', 82, 17, 'cboullen19@spiegel.de', 'Female', '1982-07-21', 9860);
insert into Song (title, album_id, artist_id, song_path, cover_path, uploaded_date, total_plays) values ('Globicephala melas', 67, 49, 'jbonsale1a@answers.com', 'Female', '1986-12-18', 4177);
insert into Song (title, album_id, artist_id, song_path, cover_path, uploaded_date, total_plays) values ('Ephipplorhynchus senegalensis', 112, 36, 'dcourtenay1b@hud.gov', 'Genderfluid', '2002-02-02', 7964);
insert into Song (title, album_id, artist_id, song_path, cover_path, uploaded_date, total_plays) values ('Bucorvus leadbeateri', 26, 4, 'gjarmain1c@bloglines.com', 'Female', '1997-09-10', 8638);
insert into Song (title, album_id, artist_id, song_path, cover_path, uploaded_date, total_plays) values ('Neophoca cinerea', 60, 31, 'cjurick1d@adobe.com', 'Male', '2004-09-17', 2187);
insert into Song (title, album_id, artist_id, song_path, cover_path, uploaded_date, total_plays) values ('Sciurus vulgaris', 35, 34, 'kfeldhuhn1e@merriam-webster.com', 'Male', '2002-01-15', 6707);
insert into Song (title, album_id, artist_id, song_path, cover_path, uploaded_date, total_plays) values ('Lepus arcticus', 39, 18, 'nvasquez1f@meetup.com', 'Female', '1984-05-02', 7121);
insert into Song (title, album_id, artist_id, song_path, cover_path, uploaded_date, total_plays) values ('Eudromia elegans', 68, 8, 'inasi1g@skype.com', 'Male', '1994-06-25', 4452);
insert into Song (title, album_id, artist_id, song_path, cover_path, uploaded_date, total_plays) values ('unavailable', 100, 41, 'kpurchall1h@4shared.com', 'Female', '1990-10-19', 5038);
insert into Song (title, album_id, artist_id, song_path, cover_path, uploaded_date, total_plays) values ('Herpestes javanicus', 77, 34, 'bbabidge1i@webeden.co.uk', 'Male', '2018-06-28', 3506);
insert into Song (title, album_id, artist_id, song_path, cover_path, uploaded_date, total_plays) values ('Aegypius tracheliotus', 37, 3, 'ccrolla1j@telegraph.co.uk', 'Male', '1996-04-14', 4845);
insert into Song (title, album_id, artist_id, song_path, cover_path, uploaded_date, total_plays) values ('Papio cynocephalus', 144, 21, 'tblannin1k@pagesperso-orange.fr', 'Female', '2001-03-07', 729);
insert into Song (title, album_id, artist_id, song_path, cover_path, uploaded_date, total_plays) values ('Prionace glauca', 27, 35, 'blabro1l@ebay.co.uk', 'Male', '2016-05-05', 1350);
insert into Song (title, album_id, artist_id, song_path, cover_path, uploaded_date, total_plays) values ('Lama pacos', 125, 1, 'cpaige1m@admin.ch', 'Male', '2006-11-17', 5180);
insert into Song (title, album_id, artist_id, song_path, cover_path, uploaded_date, total_plays) values ('Geochelone radiata', 39, 24, 'cdossit1n@feedburner.com', 'Male', '2014-06-26', 8041);
insert into Song (title, album_id, artist_id, song_path, cover_path, uploaded_date, total_plays) values ('Eurocephalus anguitimens', 45, 35, 'krizzardo1o@php.net', 'Male', '2022-01-18', 582);
insert into Song (title, album_id, artist_id, song_path, cover_path, uploaded_date, total_plays) values ('Phoca vitulina', 132, 28, 'fcroft1p@prlog.org', 'Male', '1985-07-21', 7745);
insert into Song (title, album_id, artist_id, song_path, cover_path, uploaded_date, total_plays) values ('Dolichitus patagonum', 118, 34, 'fniset1q@jugem.jp', 'Male', '1986-02-23', 5416);
insert into Song (title, album_id, artist_id, song_path, cover_path, uploaded_date, total_plays) values ('Ictonyx striatus', 48, 5, 'abracknell1r@statcounter.com', 'Male', '2007-06-18', 2634);
insert into Song (title, album_id, artist_id, song_path, cover_path, uploaded_date, total_plays) values ('unavailable', 149, 50, 'ubeddard1s@paginegialle.it', 'Female', '2011-06-01', 4573);
insert into Song (title, album_id, artist_id, song_path, cover_path, uploaded_date, total_plays) values ('Canis lupus', 88, 48, 'awitson1t@cdc.gov', 'Polygender', '2018-01-04', 6868);
insert into Song (title, album_id, artist_id, song_path, cover_path, uploaded_date, total_plays) values ('Cervus unicolor', 138, 1, 'mbergin1u@fastcompany.com', 'Male', '2022-05-13', 8561);
insert into Song (title, album_id, artist_id, song_path, cover_path, uploaded_date, total_plays) values ('Varanus sp.', 120, 23, 'glethieulier1v@squarespace.com', 'Female', '2005-08-16', 2380);
insert into Song (title, album_id, artist_id, song_path, cover_path, uploaded_date, total_plays) values ('Meleagris gallopavo', 52, 23, 'naven1w@edublogs.org', 'Male', '1999-07-22', 1809);
insert into Song (title, album_id, artist_id, song_path, cover_path, uploaded_date, total_plays) values ('Philetairus socius', 60, 26, 'ttrawin1x@aol.com', 'Male', '2017-09-02', 5522);
insert into Song (title, album_id, artist_id, song_path, cover_path, uploaded_date, total_plays) values ('Canis mesomelas', 98, 43, 'smcgilroy1y@oaic.gov.au', 'Female', '1992-07-03', 476);
insert into Song (title, album_id, artist_id, song_path, cover_path, uploaded_date, total_plays) values ('Odocoilenaus virginianus', 88, 29, 'trupprecht1z@deviantart.com', 'Male', '1996-11-02', 6928);
insert into Song (title, album_id, artist_id, song_path, cover_path, uploaded_date, total_plays) values ('Tockus erythrorhyncus', 97, 42, 'edensumbe20@tinyurl.com', 'Male', '2003-09-27', 4416);
insert into Song (title, album_id, artist_id, song_path, cover_path, uploaded_date, total_plays) values ('Vulpes vulpes', 103, 2, 'mbaud21@ucoz.com', 'Female', '2013-10-18', 8900);
insert into Song (title, album_id, artist_id, song_path, cover_path, uploaded_date, total_plays) values ('Centrocercus urophasianus', 128, 26, 'sflemyng22@aol.com', 'Male', '2010-10-03', 9804);
insert into Song (title, album_id, artist_id, song_path, cover_path, uploaded_date, total_plays) values ('Dendrohyrax brucel', 28, 23, 'sgingedale23@google.com.br', 'Male', '2013-07-10', 2622);
insert into Song (title, album_id, artist_id, song_path, cover_path, uploaded_date, total_plays) values ('Lophoaetus occipitalis', 150, 15, 'jmccaughen24@seesaa.net', 'Female', '2014-03-16', 5720);
insert into Song (title, album_id, artist_id, song_path, cover_path, uploaded_date, total_plays) values ('Antechinus flavipes', 35, 13, 'tadamczewski25@upenn.edu', 'Male', '1999-11-18', 6944);
insert into Song (title, album_id, artist_id, song_path, cover_path, uploaded_date, total_plays) values ('Motacilla aguimp', 39, 31, 'bromaynes26@slate.com', 'Female', '1993-11-08', 7490);
insert into Song (title, album_id, artist_id, song_path, cover_path, uploaded_date, total_plays) values ('Felis chaus', 126, 49, 'svokes27@alibaba.com', 'Male', '2009-04-29', 8899);
insert into Song (title, album_id, artist_id, song_path, cover_path, uploaded_date, total_plays) values ('Phascolarctos cinereus', 86, 38, 'rfogel28@deliciousdays.com', 'Male', '2011-07-29', 3406);
insert into Song (title, album_id, artist_id, song_path, cover_path, uploaded_date, total_plays) values ('Halcyon smyrnesis', 39, 44, 'jburless29@goo.ne.jp', 'Female', '1998-03-30', 1481);
insert into Song (title, album_id, artist_id, song_path, cover_path, uploaded_date, total_plays) values ('Catharacta skua', 26, 33, 'otick2a@foxnews.com', 'Female', '1993-04-18', 1346);
insert into Song (title, album_id, artist_id, song_path, cover_path, uploaded_date, total_plays) values ('Nannopterum harrisi', 52, 20, 'rregus2b@imageshack.us', 'Male', '1987-11-01', 7377);
insert into Song (title, album_id, artist_id, song_path, cover_path, uploaded_date, total_plays) values ('Milvago chimachima', 3, 27, 'rraisbeck2c@paypal.com', 'Female', '2021-07-08', 9036);
insert into Song (title, album_id, artist_id, song_path, cover_path, uploaded_date, total_plays) values ('Grus antigone', 118, 13, 'fmudd2d@ucoz.com', 'Male', '1996-10-09', 7727);
insert into Song (title, album_id, artist_id, song_path, cover_path, uploaded_date, total_plays) values ('Ara chloroptera', 5, 47, 'gparmer2e@goodreads.com', 'Genderfluid', '2005-10-21', 760);
insert into Song (title, album_id, artist_id, song_path, cover_path, uploaded_date, total_plays) values ('Orcinus orca', 118, 46, 'smaffy2f@omniture.com', 'Female', '2011-08-19', 8067);
insert into Song (title, album_id, artist_id, song_path, cover_path, uploaded_date, total_plays) values ('Oreamnos americanus', 142, 43, 'tcasina2g@baidu.com', 'Female', '1997-10-11', 2549);
insert into Song (title, album_id, artist_id, song_path, cover_path, uploaded_date, total_plays) values ('Gabianus pacificus', 38, 46, 'rstopher2h@reuters.com', 'Female', '2018-04-12', 2840);
insert into Song (title, album_id, artist_id, song_path, cover_path, uploaded_date, total_plays) values ('Bassariscus astutus', 124, 20, 'dsherington2i@usgs.gov', 'Male', '2011-04-09', 5833);
insert into Song (title, album_id, artist_id, song_path, cover_path, uploaded_date, total_plays) values ('Petaurus norfolcensis', 65, 43, 'mfetherstonhaugh2j@wix.com', 'Female', '2019-11-30', 1444);
insert into Song (title, album_id, artist_id, song_path, cover_path, uploaded_date, total_plays) values ('Pytilia melba', 14, 17, 'wchitty2k@sciencedirect.com', 'Female', '2022-02-26', 7836);
insert into Song (title, album_id, artist_id, song_path, cover_path, uploaded_date, total_plays) values ('Buteo jamaicensis', 63, 16, 'ainnot2l@reverbnation.com', 'Female', '1996-07-22', 6266);
insert into Song (title, album_id, artist_id, song_path, cover_path, uploaded_date, total_plays) values ('Phylurus milli', 89, 36, 'aheisler2m@tumblr.com', 'Female', '1997-01-16', 6162);
insert into Song (title, album_id, artist_id, song_path, cover_path, uploaded_date, total_plays) values ('Tiliqua scincoides', 7, 29, 'cgillise2n@naver.com', 'Male', '1982-07-08', 8212);
insert into Song (title, album_id, artist_id, song_path, cover_path, uploaded_date, total_plays) values ('Egretta thula', 69, 36, 'cwilliam2o@ameblo.jp', 'Polygender', '2013-05-07', 4957);
insert into Song (title, album_id, artist_id, song_path, cover_path, uploaded_date, total_plays) values ('Hystrix indica', 100, 32, 'wpaquet2p@soundcloud.com', 'Female', '2004-10-26', 414);
insert into Song (title, album_id, artist_id, song_path, cover_path, uploaded_date, total_plays) values ('Meleagris gallopavo', 113, 1, 'jloudyan2q@house.gov', 'Female', '1991-10-07', 3772);
insert into Song (title, album_id, artist_id, song_path, cover_path, uploaded_date, total_plays) values ('Choloepus hoffmani', 5, 45, 'eedis2r@smh.com.au', 'Male', '2001-05-19', 7477);
insert into Song (title, album_id, artist_id, song_path, cover_path, uploaded_date, total_plays) values ('Cyrtodactylus louisiadensis', 43, 38, 'mantusch2s@slideshare.net', 'Male', '2009-06-27', 1886);
insert into Song (title, album_id, artist_id, song_path, cover_path, uploaded_date, total_plays) values ('Trichosurus vulpecula', 146, 4, 'fbaldin2t@ftc.gov', 'Female', '2020-10-29', 5912);
insert into Song (title, album_id, artist_id, song_path, cover_path, uploaded_date, total_plays) values ('Chauna torquata', 135, 14, 'vtuminini2u@sfgate.com', 'Male', '1990-10-20', 963);
insert into Song (title, album_id, artist_id, song_path, cover_path, uploaded_date, total_plays) values ('Ourebia ourebi', 113, 23, 'lbasden2v@google.ru', 'Male', '2011-10-17', 9817);
insert into Song (title, album_id, artist_id, song_path, cover_path, uploaded_date, total_plays) values ('Boselaphus tragocamelus', 21, 6, 'hwhitman2w@google.fr', 'Male', '1986-07-14', 243);
insert into Song (title, album_id, artist_id, song_path, cover_path, uploaded_date, total_plays) values ('Papio cynocephalus', 55, 39, 'awythe2x@amazon.co.uk', 'Male', '1982-08-03', 9636);
insert into Song (title, album_id, artist_id, song_path, cover_path, uploaded_date, total_plays) values ('Phylurus milli', 64, 47, 'agossop2y@t.co', 'Male', '2002-03-17', 573);
insert into Song (title, album_id, artist_id, song_path, cover_path, uploaded_date, total_plays) values ('Sceloporus magister', 51, 29, 'astirzaker2z@cdc.gov', 'Female', '2016-03-22', 920);
insert into Song (title, album_id, artist_id, song_path, cover_path, uploaded_date, total_plays) values ('Castor canadensis', 134, 43, 'tbamlet30@businessinsider.com', 'Male', '1994-05-17', 3033);
insert into Song (title, album_id, artist_id, song_path, cover_path, uploaded_date, total_plays) values ('Diceros bicornis', 46, 50, 'dsimon31@usa.gov', 'Male', '2010-08-25', 4319);
insert into Song (title, album_id, artist_id, song_path, cover_path, uploaded_date, total_plays) values ('Bos mutus', 17, 6, 'blaphorn32@paginegialle.it', 'Female', '1982-07-22', 3838);
insert into Song (title, album_id, artist_id, song_path, cover_path, uploaded_date, total_plays) values ('Bison bison', 113, 5, 'poakenfall33@slashdot.org', 'Female', '2000-07-31', 4986);
insert into Song (title, album_id, artist_id, song_path, cover_path, uploaded_date, total_plays) values ('Varanus salvator', 99, 20, 'jmartinolli34@scientificamerican.com', 'Male', '1989-09-21', 5910);
insert into Song (title, album_id, artist_id, song_path, cover_path, uploaded_date, total_plays) values ('Grus rubicundus', 52, 43, 'glatour35@cdc.gov', 'Female', '2018-10-01', 1307);
insert into Song (title, album_id, artist_id, song_path, cover_path, uploaded_date, total_plays) values ('Plegadis ridgwayi', 114, 15, 'fruppertz36@aol.com', 'Female', '1989-11-12', 9744);
insert into Song (title, album_id, artist_id, song_path, cover_path, uploaded_date, total_plays) values ('Taurotagus oryx', 100, 49, 'lvondra37@google.co.jp', 'Female', '1991-02-14', 8773);
insert into Song (title, album_id, artist_id, song_path, cover_path, uploaded_date, total_plays) values ('Centrocercus urophasianus', 74, 22, 'carlet38@ucoz.com', 'Female', '1994-05-30', 7001);
insert into Song (title, album_id, artist_id, song_path, cover_path, uploaded_date, total_plays) values ('Ciconia ciconia', 116, 23, 'lcosins39@shutterfly.com', 'Female', '2020-11-25', 968);
insert into Song (title, album_id, artist_id, song_path, cover_path, uploaded_date, total_plays) values ('Anas bahamensis', 76, 36, 'npughe3a@psu.edu', 'Male', '2013-09-20', 5666);
insert into Song (title, album_id, artist_id, song_path, cover_path, uploaded_date, total_plays) values ('Colobus guerza', 18, 18, 'dcomsty3b@springer.com', 'Male', '2003-01-17', 3735);
insert into Song (title, album_id, artist_id, song_path, cover_path, uploaded_date, total_plays) values ('Coluber constrictor', 64, 16, 'rpizzie3c@dyndns.org', 'Female', '1982-08-15', 8423);
insert into Song (title, album_id, artist_id, song_path, cover_path, uploaded_date, total_plays) values ('Sterna paradisaea', 86, 49, 'fheffer3d@scribd.com', 'Male', '2018-04-23', 9447);
insert into Song (title, album_id, artist_id, song_path, cover_path, uploaded_date, total_plays) values ('unavailable', 43, 33, 'cstroud3e@51.la', 'Male', '1991-11-10', 2923);
insert into Song (title, album_id, artist_id, song_path, cover_path, uploaded_date, total_plays) values ('Bubo sp.', 25, 46, 'amakeswell3f@slate.com', 'Female', '2003-10-08', 7896);
insert into Song (title, album_id, artist_id, song_path, cover_path, uploaded_date, total_plays) values ('Spermophilus armatus', 109, 18, 'tpuddin3g@topsy.com', 'Female', '1993-10-09', 3203);
insert into Song (title, album_id, artist_id, song_path, cover_path, uploaded_date, total_plays) values ('Ovis ammon', 133, 20, 'hhunnywell3h@instagram.com', 'Female', '2012-03-23', 4110);
insert into Song (title, album_id, artist_id, song_path, cover_path, uploaded_date, total_plays) values ('Nasua narica', 45, 34, 'dthorouggood3i@weebly.com', 'Male', '2019-04-20', 2277);
insert into Song (title, album_id, artist_id, song_path, cover_path, uploaded_date, total_plays) values ('Oreamnos americanus', 33, 44, 'vfrow3j@soundcloud.com', 'Female', '1995-02-16', 3926);
insert into Song (title, album_id, artist_id, song_path, cover_path, uploaded_date, total_plays) values ('Phoeniconaias minor', 85, 16, 'ssentance3k@house.gov', 'Male', '2004-09-09', 6631);
insert into Song (title, album_id, artist_id, song_path, cover_path, uploaded_date, total_plays) values ('Sterna paradisaea', 76, 32, 'pjarmaine3l@g.co', 'Male', '2000-03-02', 4256);
insert into Song (title, album_id, artist_id, song_path, cover_path, uploaded_date, total_plays) values ('Pycnonotus nigricans', 55, 3, 'mcockings3m@unblog.fr', 'Male', '1986-04-15', 1389);
insert into Song (title, album_id, artist_id, song_path, cover_path, uploaded_date, total_plays) values ('Choloepus hoffmani', 18, 5, 'kmccaughan3n@infoseek.co.jp', 'Female', '2003-04-16', 9570);
insert into Song (title, album_id, artist_id, song_path, cover_path, uploaded_date, total_plays) values ('Picoides pubescens', 100, 21, 'gfosten3o@miibeian.gov.cn', 'Male', '1993-10-15', 1217);
insert into Song (title, album_id, artist_id, song_path, cover_path, uploaded_date, total_plays) values ('Ammospermophilus nelsoni', 5, 38, 'crosenberger3p@dailymail.co.uk', 'Female', '1982-10-25', 5330);
insert into Song (title, album_id, artist_id, song_path, cover_path, uploaded_date, total_plays) values ('Sylvicapra grimma', 131, 36, 'gattfield3q@nature.com', 'Female', '1991-02-08', 6663);
insert into Song (title, album_id, artist_id, song_path, cover_path, uploaded_date, total_plays) values ('Spizaetus coronatus', 144, 24, 'cwaywell3r@dropbox.com', 'Male', '2011-08-10', 4422);
insert into Song (title, album_id, artist_id, song_path, cover_path, uploaded_date, total_plays) values ('Phoeniconaias minor', 24, 41, 'alyokhin3s@whitehouse.gov', 'Bigender', '2012-05-09', 3224);
insert into Song (title, album_id, artist_id, song_path, cover_path, uploaded_date, total_plays) values ('Anthropoides paradisea', 130, 19, 'ihearmon3t@sbwire.com', 'Male', '1988-07-21', 906);
insert into Song (title, album_id, artist_id, song_path, cover_path, uploaded_date, total_plays) values ('Connochaetus taurinus', 97, 37, 'tgimenez3u@rediff.com', 'Male', '2008-03-19', 1920);
insert into Song (title, album_id, artist_id, song_path, cover_path, uploaded_date, total_plays) values ('Vanellus chilensis', 73, 41, 'mtoone3v@ovh.net', 'Male', '1990-04-03', 897);
insert into Song (title, album_id, artist_id, song_path, cover_path, uploaded_date, total_plays) values ('Ploceus rubiginosus', 13, 2, 'korigin3w@ibm.com', 'Female', '1982-03-03', 7931);
insert into Song (title, album_id, artist_id, song_path, cover_path, uploaded_date, total_plays) values ('Odocoileus hemionus', 99, 41, 'btoone3x@trellian.com', 'Female', '2007-01-29', 6991);
insert into Song (title, album_id, artist_id, song_path, cover_path, uploaded_date, total_plays) values ('Marmota monax', 114, 13, 'mpietruschka3y@hubpages.com', 'Female', '2003-05-16', 2367);
insert into Song (title, album_id, artist_id, song_path, cover_path, uploaded_date, total_plays) values ('Sarcophilus harrisii', 101, 28, 'mgodlip3z@sun.com', 'Male', '1990-02-23', 8545);
insert into Song (title, album_id, artist_id, song_path, cover_path, uploaded_date, total_plays) values ('Sitta canadensis', 94, 36, 'cknee40@cpanel.net', 'Female', '2012-03-29', 770);
insert into Song (title, album_id, artist_id, song_path, cover_path, uploaded_date, total_plays) values ('Dendrocygna viduata', 150, 32, 'lfurmedge41@google.com', 'Female', '2019-01-07', 7158);
insert into Song (title, album_id, artist_id, song_path, cover_path, uploaded_date, total_plays) values ('Manouria emys', 20, 28, 'lmacbarron42@economist.com', 'Female', '1996-08-09', 5961);
insert into Song (title, album_id, artist_id, song_path, cover_path, uploaded_date, total_plays) values ('Cacatua galerita', 95, 18, 'gstudeart43@joomla.org', 'Female', '2021-01-10', 1691);
insert into Song (title, album_id, artist_id, song_path, cover_path, uploaded_date, total_plays) values ('Tadorna tadorna', 62, 33, 'hclynman44@elegantthemes.com', 'Male', '2009-09-23', 2623);
insert into Song (title, album_id, artist_id, song_path, cover_path, uploaded_date, total_plays) values ('Oxybelis sp.', 9, 44, 'snairn45@omniture.com', 'Male', '1992-10-04', 6120);
insert into Song (title, album_id, artist_id, song_path, cover_path, uploaded_date, total_plays) values ('Canis lupus baileyi', 8, 43, 'otrippack46@multiply.com', 'Male', '2007-12-22', 6302);
insert into Song (title, album_id, artist_id, song_path, cover_path, uploaded_date, total_plays) values ('Loxodonta africana', 39, 27, 'gdellenbrook47@yale.edu', 'Male', '2013-02-06', 6354);
insert into Song (title, album_id, artist_id, song_path, cover_path, uploaded_date, total_plays) values ('Gymnorhina tibicen', 74, 25, 'nbraundt48@ed.gov', 'Female', '1992-03-11', 7217);
insert into Song (title, album_id, artist_id, song_path, cover_path, uploaded_date, total_plays) values ('Crotalus triseriatus', 28, 13, 'fpiggott49@nih.gov', 'Female', '1986-01-16', 2584);
insert into Song (title, album_id, artist_id, song_path, cover_path, uploaded_date, total_plays) values ('Sylvilagus floridanus', 31, 45, 'jmanthorpe4a@intel.com', 'Female', '2020-01-16', 404);
insert into Song (title, album_id, artist_id, song_path, cover_path, uploaded_date, total_plays) values ('Dipodomys deserti', 133, 35, 'gromaint4b@icio.us', 'Male', '1984-08-29', 2529);
insert into Song (title, album_id, artist_id, song_path, cover_path, uploaded_date, total_plays) values ('Lamprotornis superbus', 133, 30, 'gvine4c@free.fr', 'Female', '2021-11-12', 3300);
insert into Song (title, album_id, artist_id, song_path, cover_path, uploaded_date, total_plays) values ('Limnocorax flavirostra', 12, 42, 'vsimonson4d@barnesandnoble.com', 'Female', '2008-12-29', 171);
insert into Song (title, album_id, artist_id, song_path, cover_path, uploaded_date, total_plays) values ('Oncorhynchus nerka', 61, 41, 'aleeves4e@apple.com', 'Female', '1999-10-29', 5158);
insert into Song (title, album_id, artist_id, song_path, cover_path, uploaded_date, total_plays) values ('Lamprotornis nitens', 81, 16, 'fclever4f@hatena.ne.jp', 'Male', '2022-10-14', 7600);
insert into Song (title, album_id, artist_id, song_path, cover_path, uploaded_date, total_plays) values ('Terrapene carolina', 34, 4, 'bblazynski4g@tmall.com', 'Male', '1995-10-31', 3727);
insert into Song (title, album_id, artist_id, song_path, cover_path, uploaded_date, total_plays) values ('Coluber constrictor foxii', 12, 32, 'tcuree4h@livejournal.com', 'Non-binary', '2011-08-09', 7230);
insert into Song (title, album_id, artist_id, song_path, cover_path, uploaded_date, total_plays) values ('Platalea leucordia', 53, 34, 'nkemmey4i@nifty.com', 'Genderqueer', '1996-12-28', 1804);
insert into Song (title, album_id, artist_id, song_path, cover_path, uploaded_date, total_plays) values ('Canis aureus', 11, 8, 'bruncieman4j@webmd.com', 'Male', '2016-07-21', 2965);
insert into Song (title, album_id, artist_id, song_path, cover_path, uploaded_date, total_plays) values ('Corvus brachyrhynchos', 123, 50, 'gschneidau4k@stumbleupon.com', 'Female', '2019-11-20', 4593);
insert into Song (title, album_id, artist_id, song_path, cover_path, uploaded_date, total_plays) values ('Phalacrocorax albiventer', 129, 7, 'segentan4l@cisco.com', 'Polygender', '1983-03-05', 5287);
insert into Song (title, album_id, artist_id, song_path, cover_path, uploaded_date, total_plays) values ('Varanus sp.', 38, 4, 'vsinnie4m@wikipedia.org', 'Male', '1998-09-28', 2320);
insert into Song (title, album_id, artist_id, song_path, cover_path, uploaded_date, total_plays) values ('Propithecus verreauxi', 109, 38, 'sstrelitzer4n@mtv.com', 'Male', '2010-10-27', 2689);
insert into Song (title, album_id, artist_id, song_path, cover_path, uploaded_date, total_plays) values ('Cynomys ludovicianus', 120, 3, 'mzamudio4o@un.org', 'Male', '2004-09-12', 3425);
insert into Song (title, album_id, artist_id, song_path, cover_path, uploaded_date, total_plays) values ('Varanus salvator', 99, 18, 'rlympany4p@nydailynews.com', 'Male', '2010-10-16', 4131);
insert into Song (title, album_id, artist_id, song_path, cover_path, uploaded_date, total_plays) values ('unavailable', 123, 41, 'kdalston4q@wikipedia.org', 'Polygender', '1983-10-07', 2222);
insert into Song (title, album_id, artist_id, song_path, cover_path, uploaded_date, total_plays) values ('Ateles paniscus', 107, 15, 'ygayforth4r@chicagotribune.com', 'Male', '1987-12-10', 6151);
insert into Song (title, album_id, artist_id, song_path, cover_path, uploaded_date, total_plays) values ('Milvago chimachima', 95, 18, 'stimcke4s@prweb.com', 'Male', '1999-02-22', 3509);
insert into Song (title, album_id, artist_id, song_path, cover_path, uploaded_date, total_plays) values ('Madoqua kirkii', 12, 26, 'cmctrustey4t@tmall.com', 'Female', '2005-03-19', 6264);
insert into Song (title, album_id, artist_id, song_path, cover_path, uploaded_date, total_plays) values ('Hyaena brunnea', 50, 4, 'edeinhardt4u@delicious.com', 'Male', '2009-10-21', 5666);
insert into Song (title, album_id, artist_id, song_path, cover_path, uploaded_date, total_plays) values ('Panthera leo persica', 77, 42, 'dbacchus4v@geocities.com', 'Female', '2018-06-17', 8172);
insert into Song (title, album_id, artist_id, song_path, cover_path, uploaded_date, total_plays) values ('Speotyte cuniculata', 136, 36, 'pbonnyson4w@printfriendly.com', 'Male', '2007-02-01', 8439);
insert into Song (title, album_id, artist_id, song_path, cover_path, uploaded_date, total_plays) values ('Macropus robustus', 135, 14, 'ekyne4x@arstechnica.com', 'Male', '1982-02-20', 1921);
insert into Song (title, album_id, artist_id, song_path, cover_path, uploaded_date, total_plays) values ('Lorythaixoides concolor', 24, 47, 'ostoop4y@yellowpages.com', 'Female', '2004-05-04', 3441);
insert into Song (title, album_id, artist_id, song_path, cover_path, uploaded_date, total_plays) values ('Crotaphytus collaris', 93, 42, 'gcaldow4z@issuu.com', 'Male', '1990-02-27', 2151);
insert into Song (title, album_id, artist_id, song_path, cover_path, uploaded_date, total_plays) values ('Dendrocygna viduata', 88, 50, 'sjosse50@moonfruit.com', 'Male', '2020-11-13', 7189);
insert into Song (title, album_id, artist_id, song_path, cover_path, uploaded_date, total_plays) values ('Phylurus milli', 39, 33, 'egotcliffe51@de.vu', 'Male', '2003-10-02', 7461);
insert into Song (title, album_id, artist_id, song_path, cover_path, uploaded_date, total_plays) values ('Nyctereutes procyonoides', 2, 29, 'mmoulton52@nba.com', 'Male', '1992-10-02', 2916);
insert into Song (title, album_id, artist_id, song_path, cover_path, uploaded_date, total_plays) values ('Petaurus breviceps', 30, 32, 'jnicely53@networkadvertising.org', 'Male', '1981-12-05', 7459);
insert into Song (title, album_id, artist_id, song_path, cover_path, uploaded_date, total_plays) values ('Sylvicapra grimma', 81, 34, 'blamberto54@ted.com', 'Non-binary', '2018-04-01', 4238);
insert into Song (title, album_id, artist_id, song_path, cover_path, uploaded_date, total_plays) values ('Ctenophorus ornatus', 76, 25, 'rrubartelli55@hp.com', 'Male', '1989-05-11', 8433);
insert into Song (title, album_id, artist_id, song_path, cover_path, uploaded_date, total_plays) values ('Alouatta seniculus', 118, 43, 'cyeaman56@surveymonkey.com', 'Agender', '1991-11-09', 5323);
insert into Song (title, album_id, artist_id, song_path, cover_path, uploaded_date, total_plays) values ('Dasyurus viverrinus', 82, 10, 'bbohlsen57@google.ru', 'Male', '1995-10-11', 8175);
insert into Song (title, album_id, artist_id, song_path, cover_path, uploaded_date, total_plays) values ('Lycosa godeffroyi', 144, 11, 'wtellett58@wired.com', 'Male', '2001-07-30', 9756);
insert into Song (title, album_id, artist_id, song_path, cover_path, uploaded_date, total_plays) values ('Cacatua galerita', 10, 17, 'akrolman59@sitemeter.com', 'Female', '1988-05-05', 7943);
insert into Song (title, album_id, artist_id, song_path, cover_path, uploaded_date, total_plays) values ('Kobus leche robertsi', 114, 16, 'cingolotti5a@flavors.me', 'Male', '1984-09-18', 9816);
insert into Song (title, album_id, artist_id, song_path, cover_path, uploaded_date, total_plays) values ('Geochelone elephantopus', 69, 38, 'ebouzek5b@cnbc.com', 'Female', '1991-01-14', 6646);
insert into Song (title, album_id, artist_id, song_path, cover_path, uploaded_date, total_plays) values ('Macropus robustus', 88, 24, 'jdimitriades5c@sakura.ne.jp', 'Male', '2008-03-31', 9177);
insert into Song (title, album_id, artist_id, song_path, cover_path, uploaded_date, total_plays) values ('Dendrohyrax brucel', 57, 11, 'kcassin5d@facebook.com', 'Female', '1988-07-31', 1639);
insert into Song (title, album_id, artist_id, song_path, cover_path, uploaded_date, total_plays) values ('Pelecans onocratalus', 8, 9, 'pmerioth5e@woothemes.com', 'Male', '1992-10-11', 4671);
insert into Song (title, album_id, artist_id, song_path, cover_path, uploaded_date, total_plays) values ('Theropithecus gelada', 101, 30, 'ifranseco5f@examiner.com', 'Agender', '1994-01-08', 7259);
insert into Song (title, album_id, artist_id, song_path, cover_path, uploaded_date, total_plays) values ('Bassariscus astutus', 45, 24, 'fmustard5g@angelfire.com', 'Male', '1992-11-02', 9738);
insert into Song (title, album_id, artist_id, song_path, cover_path, uploaded_date, total_plays) values ('Coluber constrictor foxii', 128, 13, 'mkeech5h@cisco.com', 'Male', '1992-12-15', 6932);
insert into Song (title, album_id, artist_id, song_path, cover_path, uploaded_date, total_plays) values ('Pycnonotus nigricans', 35, 10, 'kandrys5i@about.me', 'Male', '2001-07-31', 8417);
insert into Song (title, album_id, artist_id, song_path, cover_path, uploaded_date, total_plays) values ('Merops bullockoides', 80, 12, 'jflores5j@blogtalkradio.com', 'Polygender', '1996-03-26', 8393);
insert into Song (title, album_id, artist_id, song_path, cover_path, uploaded_date, total_plays) values ('Eubalaena australis', 19, 19, 'djeffress5k@miitbeian.gov.cn', 'Female', '1991-04-25', 8214);
insert into Song (title, album_id, artist_id, song_path, cover_path, uploaded_date, total_plays) values ('Otaria flavescens', 36, 31, 'cgozzard5l@blinklist.com', 'Female', '2010-08-18', 2331);
insert into Song (title, album_id, artist_id, song_path, cover_path, uploaded_date, total_plays) values ('Herpestes javanicus', 1, 49, 'gpontain5m@yahoo.com', 'Male', '2017-08-30', 1017);
insert into Song (title, album_id, artist_id, song_path, cover_path, uploaded_date, total_plays) values ('Spermophilus richardsonii', 130, 31, 'mtebbett5n@patch.com', 'Female', '1991-07-22', 8221);
insert into Song (title, album_id, artist_id, song_path, cover_path, uploaded_date, total_plays) values ('Bubulcus ibis', 91, 14, 'cgeharke5o@google.com.au', 'Female', '2006-02-22', 681);
insert into Song (title, album_id, artist_id, song_path, cover_path, uploaded_date, total_plays) values ('Spilogale gracilis', 120, 43, 'gfontaine5p@theguardian.com', 'Male', '2017-12-24', 7065);
insert into Song (title, album_id, artist_id, song_path, cover_path, uploaded_date, total_plays) values ('Mellivora capensis', 42, 9, 'sdye5q@imageshack.us', 'Male', '1997-04-27', 703);
insert into Song (title, album_id, artist_id, song_path, cover_path, uploaded_date, total_plays) values ('Lorythaixoides concolor', 24, 14, 'brubert5r@dyndns.org', 'Female', '1992-01-16', 9143);
insert into Song (title, album_id, artist_id, song_path, cover_path, uploaded_date, total_plays) values ('Arctogalidia trivirgata', 139, 17, 'kherkess5s@histats.com', 'Female', '1995-10-30', 5350);
insert into Song (title, album_id, artist_id, song_path, cover_path, uploaded_date, total_plays) values ('Bison bison', 65, 31, 'mtoupe5t@hubpages.com', 'Male', '1982-03-01', 2287);
insert into Song (title, album_id, artist_id, song_path, cover_path, uploaded_date, total_plays) values ('Taurotagus oryx', 90, 43, 'hgiacopello5u@marketwatch.com', 'Female', '2014-12-17', 9991);
insert into Song (title, album_id, artist_id, song_path, cover_path, uploaded_date, total_plays) values ('Bucephala clangula', 93, 12, 'rhakeworth5v@discovery.com', 'Polygender', '1995-09-13', 8332);
insert into Song (title, album_id, artist_id, song_path, cover_path, uploaded_date, total_plays) values ('Actophilornis africanus', 81, 19, 'rmityukov5w@fotki.com', 'Male', '2010-12-02', 1349);
insert into Song (title, album_id, artist_id, song_path, cover_path, uploaded_date, total_plays) values ('Recurvirostra avosetta', 146, 32, 'hparsonage5x@google.pl', 'Female', '1982-11-14', 7322);
insert into Song (title, album_id, artist_id, song_path, cover_path, uploaded_date, total_plays) values ('Phoenicopterus chilensis', 67, 12, 'ggrigoire5y@who.int', 'Male', '1988-01-05', 6084);
insert into Song (title, album_id, artist_id, song_path, cover_path, uploaded_date, total_plays) values ('Centrocercus urophasianus', 45, 15, 'mheelis5z@sfgate.com', 'Female', '2000-05-08', 5755);
insert into Song (title, album_id, artist_id, song_path, cover_path, uploaded_date, total_plays) values ('Dendrocygna viduata', 79, 29, 'tgarrit60@google.de', 'Female', '2020-03-18', 7030);
insert into Song (title, album_id, artist_id, song_path, cover_path, uploaded_date, total_plays) values ('Bassariscus astutus', 87, 9, 'wcawthorn61@telegraph.co.uk', 'Male', '2003-10-21', 794);
insert into Song (title, album_id, artist_id, song_path, cover_path, uploaded_date, total_plays) values ('Butorides striatus', 74, 32, 'kspendlove62@yelp.com', 'Female', '2006-08-27', 5099);
insert into Song (title, album_id, artist_id, song_path, cover_path, uploaded_date, total_plays) values ('Larus fuliginosus', 37, 29, 'kbumpass63@foxnews.com', 'Male', '2015-11-16', 5316);
insert into Song (title, album_id, artist_id, song_path, cover_path, uploaded_date, total_plays) values ('Helogale undulata', 49, 12, 'amonteath64@1688.com', 'Male', '1994-03-05', 7380);
insert into Song (title, album_id, artist_id, song_path, cover_path, uploaded_date, total_plays) values ('Conolophus subcristatus', 74, 15, 'rsquibb65@cocolog-nifty.com', 'Female', '1984-09-11', 8861);
insert into Song (title, album_id, artist_id, song_path, cover_path, uploaded_date, total_plays) values ('Spizaetus coronatus', 129, 2, 'scrannis66@webs.com', 'Female', '1982-05-21', 930);
insert into Song (title, album_id, artist_id, song_path, cover_path, uploaded_date, total_plays) values ('Mazama gouazoubira', 26, 34, 'dvanin67@si.edu', 'Female', '1985-04-23', 1338);
insert into Song (title, album_id, artist_id, song_path, cover_path, uploaded_date, total_plays) values ('Grus rubicundus', 55, 50, 'zdevo68@twitpic.com', 'Female', '2005-01-14', 848);
insert into Song (title, album_id, artist_id, song_path, cover_path, uploaded_date, total_plays) values ('Turtur chalcospilos', 140, 31, 'balessandone69@freewebs.com', 'Female', '1985-09-11', 4818);
insert into Song (title, album_id, artist_id, song_path, cover_path, uploaded_date, total_plays) values ('Phalaropus lobatus', 124, 1, 'hrosa6a@walmart.com', 'Male', '1990-12-25', 4819);
insert into Song (title, album_id, artist_id, song_path, cover_path, uploaded_date, total_plays) values ('Gazella granti', 116, 4, 'tagius6b@gov.uk', 'Female', '1998-04-03', 2491);
insert into Song (title, album_id, artist_id, song_path, cover_path, uploaded_date, total_plays) values ('Mycteria ibis', 106, 6, 'benriques6c@yolasite.com', 'Male', '2017-09-01', 4213);
insert into Song (title, album_id, artist_id, song_path, cover_path, uploaded_date, total_plays) values ('Haematopus ater', 28, 32, 'jclawson6d@reverbnation.com', 'Female', '2011-08-14', 2990);
insert into Song (title, album_id, artist_id, song_path, cover_path, uploaded_date, total_plays) values ('Larus dominicanus', 82, 11, 'jhatherill6e@google.de', 'Male', '1996-11-05', 3507);
insert into Song (title, album_id, artist_id, song_path, cover_path, uploaded_date, total_plays) values ('Spermophilus armatus', 128, 21, 'hgraber6f@uol.com.br', 'Male', '2019-02-24', 8302);
insert into Song (title, album_id, artist_id, song_path, cover_path, uploaded_date, total_plays) values ('Phalacrocorax carbo', 57, 6, 'ahourican6g@columbia.edu', 'Male', '1988-12-09', 674);
insert into Song (title, album_id, artist_id, song_path, cover_path, uploaded_date, total_plays) values ('Marmota flaviventris', 88, 50, 'ssarfas6h@pen.io', 'Female', '2020-11-24', 5890);
insert into Song (title, album_id, artist_id, song_path, cover_path, uploaded_date, total_plays) values ('Papio cynocephalus', 133, 42, 'mreadshall6i@51.la', 'Male', '1985-04-29', 7615);
insert into Song (title, album_id, artist_id, song_path, cover_path, uploaded_date, total_plays) values ('Nasua nasua', 68, 17, 'stolson6j@accuweather.com', 'Female', '1985-04-18', 3839);
insert into Song (title, album_id, artist_id, song_path, cover_path, uploaded_date, total_plays) values ('Hystrix cristata', 104, 25, 'lkiebes6k@ifeng.com', 'Male', '1982-01-25', 8683);
insert into Song (title, album_id, artist_id, song_path, cover_path, uploaded_date, total_plays) values ('Dusicyon thous', 48, 36, 'tpetriello6l@ted.com', 'Male', '2005-03-06', 9579);
insert into Song (title, album_id, artist_id, song_path, cover_path, uploaded_date, total_plays) values ('Canis aureus', 91, 33, 'silive6m@nih.gov', 'Male', '2013-07-20', 3908);
insert into Song (title, album_id, artist_id, song_path, cover_path, uploaded_date, total_plays) values ('Macaca radiata', 7, 23, 'cnattrass6n@arstechnica.com', 'Agender', '2014-06-04', 1807);
insert into Song (title, album_id, artist_id, song_path, cover_path, uploaded_date, total_plays) values ('Eolophus roseicapillus', 147, 34, 'askippon6o@360.cn', 'Female', '2019-07-14', 1426);
insert into Song (title, album_id, artist_id, song_path, cover_path, uploaded_date, total_plays) values ('Marmota flaviventris', 138, 34, 'kclemson6p@nbcnews.com', 'Female', '2018-10-19', 8662);
insert into Song (title, album_id, artist_id, song_path, cover_path, uploaded_date, total_plays) values ('Crotalus triseriatus', 142, 35, 'jterrazzo6q@behance.net', 'Male', '2002-07-15', 1208);
insert into Song (title, album_id, artist_id, song_path, cover_path, uploaded_date, total_plays) values ('Melursus ursinus', 58, 39, 'hoakden6r@sogou.com', 'Female', '2004-03-11', 6726);
insert into Song (title, album_id, artist_id, song_path, cover_path, uploaded_date, total_plays) values ('Gazella thompsonii', 8, 14, 'hbaird6s@e-recht24.de', 'Polygender', '2005-02-03', 6371);
insert into Song (title, album_id, artist_id, song_path, cover_path, uploaded_date, total_plays) values ('Damaliscus dorcas', 115, 22, 'debanks6t@twitter.com', 'Female', '1986-03-23', 8374);
insert into Song (title, album_id, artist_id, song_path, cover_path, uploaded_date, total_plays) values ('Naja nivea', 77, 9, 'ecodrington6u@cocolog-nifty.com', 'Female', '1987-09-27', 4881);
insert into Song (title, album_id, artist_id, song_path, cover_path, uploaded_date, total_plays) values ('Aonyx capensis', 130, 6, 'jmunslow6v@tuttocitta.it', 'Female', '1986-06-10', 157);
insert into Song (title, album_id, artist_id, song_path, cover_path, uploaded_date, total_plays) values ('Zenaida galapagoensis', 149, 7, 'dsherborn6w@fastcompany.com', 'Male', '2006-01-27', 2292);
insert into Song (title, album_id, artist_id, song_path, cover_path, uploaded_date, total_plays) values ('Otaria flavescens', 102, 14, 'joaker6x@diigo.com', 'Male', '2016-12-08', 8559);
insert into Song (title, album_id, artist_id, song_path, cover_path, uploaded_date, total_plays) values ('Corvus brachyrhynchos', 22, 18, 'hsabbatier6y@chicagotribune.com', 'Male', '1988-10-06', 4995);
insert into Song (title, album_id, artist_id, song_path, cover_path, uploaded_date, total_plays) values ('Phalaropus fulicarius', 6, 18, 'rdurward6z@comcast.net', 'Female', '1982-05-22', 1766);
insert into Song (title, album_id, artist_id, song_path, cover_path, uploaded_date, total_plays) values ('Ceratotherium simum', 49, 47, 'ldinis70@cmu.edu', 'Female', '2006-05-14', 6931);
insert into Song (title, album_id, artist_id, song_path, cover_path, uploaded_date, total_plays) values ('Limnocorax flavirostra', 91, 2, 'cmallan71@google.de', 'Female', '1983-08-10', 7691);
insert into Song (title, album_id, artist_id, song_path, cover_path, uploaded_date, total_plays) values ('Pteropus rufus', 17, 11, 'pspedding72@nytimes.com', 'Female', '1989-02-01', 5225);
insert into Song (title, album_id, artist_id, song_path, cover_path, uploaded_date, total_plays) values ('Tachybaptus ruficollis', 38, 8, 'bkirke73@angelfire.com', 'Female', '1986-07-26', 3908);
insert into Song (title, album_id, artist_id, song_path, cover_path, uploaded_date, total_plays) values ('Crax sp.', 129, 24, 'sbatey74@wsj.com', 'Female', '2000-03-20', 7040);
insert into Song (title, album_id, artist_id, song_path, cover_path, uploaded_date, total_plays) values ('Dasypus septemcincus', 64, 34, 'bbarraclough75@feedburner.com', 'Male', '2017-07-06', 4935);
insert into Song (title, album_id, artist_id, song_path, cover_path, uploaded_date, total_plays) values ('Gymnorhina tibicen', 142, 20, 'akimmings76@bluehost.com', 'Female', '2002-07-18', 2302);
insert into Song (title, album_id, artist_id, song_path, cover_path, uploaded_date, total_plays) values ('Colobus guerza', 122, 23, 'hclair77@accuweather.com', 'Male', '1987-11-17', 3222);
insert into Song (title, album_id, artist_id, song_path, cover_path, uploaded_date, total_plays) values ('Streptopelia senegalensis', 19, 17, 'kmelbert78@histats.com', 'Non-binary', '2010-05-15', 8171);
insert into Song (title, album_id, artist_id, song_path, cover_path, uploaded_date, total_plays) values ('Papio cynocephalus', 10, 27, 'hmccarrick79@google.ru', 'Male', '1993-02-25', 7557);
insert into Song (title, album_id, artist_id, song_path, cover_path, uploaded_date, total_plays) values ('Macaca mulatta', 91, 39, 'rcaraher7a@cisco.com', 'Male', '1990-03-08', 4045);
insert into Song (title, album_id, artist_id, song_path, cover_path, uploaded_date, total_plays) values ('Bubalornis niger', 146, 21, 'ebogeys7b@dedecms.com', 'Female', '2013-12-31', 7076);
insert into Song (title, album_id, artist_id, song_path, cover_path, uploaded_date, total_plays) values ('Gabianus pacificus', 19, 20, 'iagius7c@washington.edu', 'Male', '1993-10-22', 9356);
insert into Song (title, album_id, artist_id, song_path, cover_path, uploaded_date, total_plays) values ('Porphyrio porphyrio', 110, 44, 'lburtwistle7d@moonfruit.com', 'Male', '1983-02-08', 9494);
insert into Song (title, album_id, artist_id, song_path, cover_path, uploaded_date, total_plays) values ('unavailable', 31, 3, 'mcrace7e@imageshack.us', 'Female', '2019-03-18', 3412);
insert into Song (title, album_id, artist_id, song_path, cover_path, uploaded_date, total_plays) values ('Gyps bengalensis', 85, 10, 'wca7f@walmart.com', 'Bigender', '2020-11-12', 2626);
insert into Song (title, album_id, artist_id, song_path, cover_path, uploaded_date, total_plays) values ('Eunectes sp.', 96, 33, 'lloxston7g@blogs.com', 'Female', '2011-04-07', 21);
insert into Song (title, album_id, artist_id, song_path, cover_path, uploaded_date, total_plays) values ('Phalacrocorax carbo', 134, 23, 'wpywell7h@miitbeian.gov.cn', 'Male', '1985-03-30', 3487);
insert into Song (title, album_id, artist_id, song_path, cover_path, uploaded_date, total_plays) values ('Megaderma spasma', 4, 11, 'gburland7i@go.com', 'Male', '2003-08-28', 8282);
insert into Song (title, album_id, artist_id, song_path, cover_path, uploaded_date, total_plays) values ('Ceratotherium simum', 130, 45, 'mnoweak7j@google.ru', 'Male', '2012-04-15', 4662);
insert into Song (title, album_id, artist_id, song_path, cover_path, uploaded_date, total_plays) values ('Dusicyon thous', 76, 22, 'nplampin7k@flavors.me', 'Male', '2019-03-16', 3275);
insert into Song (title, album_id, artist_id, song_path, cover_path, uploaded_date, total_plays) values ('Mycteria leucocephala', 73, 44, 'fashbridge7l@t.co', 'Male', '2006-10-31', 5029);
insert into Song (title, album_id, artist_id, song_path, cover_path, uploaded_date, total_plays) values ('Bassariscus astutus', 44, 1, 'ndisley7m@php.net', 'Male', '1988-10-28', 3081);
insert into Song (title, album_id, artist_id, song_path, cover_path, uploaded_date, total_plays) values ('Thylogale stigmatica', 107, 29, 'jphilip7n@topsy.com', 'Male', '1993-12-08', 3999);
insert into Song (title, album_id, artist_id, song_path, cover_path, uploaded_date, total_plays) values ('Macropus agilis', 61, 5, 'visgar7o@skype.com', 'Male', '2017-02-20', 5416);
insert into Song (title, album_id, artist_id, song_path, cover_path, uploaded_date, total_plays) values ('Anathana ellioti', 90, 7, 'ldoughton7p@microsoft.com', 'Male', '1982-08-26', 4693);
insert into Song (title, album_id, artist_id, song_path, cover_path, uploaded_date, total_plays) values ('Gekko gecko', 73, 2, 'emacclancey7q@disqus.com', 'Female', '1998-07-24', 8622);
insert into Song (title, album_id, artist_id, song_path, cover_path, uploaded_date, total_plays) values ('Erinaceus frontalis', 31, 32, 'epedrozzi7r@businessinsider.com', 'Male', '2019-11-13', 2839);
insert into Song (title, album_id, artist_id, song_path, cover_path, uploaded_date, total_plays) values ('Boa constrictor mexicana', 27, 32, 'bcornwell7s@narod.ru', 'Male', '2003-06-12', 6818);
insert into Song (title, album_id, artist_id, song_path, cover_path, uploaded_date, total_plays) values ('Trichoglossus chlorolepidotus', 53, 46, 'pfarrent7t@stanford.edu', 'Non-binary', '1997-07-26', 9088);
insert into Song (title, album_id, artist_id, song_path, cover_path, uploaded_date, total_plays) values ('Priodontes maximus', 124, 23, 'kdewitt7u@comsenz.com', 'Female', '2020-07-09', 222);
insert into Song (title, album_id, artist_id, song_path, cover_path, uploaded_date, total_plays) values ('Alopochen aegyptiacus', 127, 46, 'ktreven7v@upenn.edu', 'Male', '2019-05-15', 7842);
insert into Song (title, album_id, artist_id, song_path, cover_path, uploaded_date, total_plays) values ('Chlidonias leucopterus', 44, 28, 'rclayton7w@symantec.com', 'Male', '2005-04-19', 6239);
insert into Song (title, album_id, artist_id, song_path, cover_path, uploaded_date, total_plays) values ('Canis aureus', 66, 12, 'asowood7x@webmd.com', 'Male', '2009-06-03', 5830);
insert into Song (title, album_id, artist_id, song_path, cover_path, uploaded_date, total_plays) values ('Varanus salvator', 89, 15, 'spapaminas7y@tripadvisor.com', 'Male', '2003-05-12', 1936);
insert into Song (title, album_id, artist_id, song_path, cover_path, uploaded_date, total_plays) values ('Felis silvestris lybica', 106, 38, 'gkinlock7z@qq.com', 'Male', '1997-03-30', 7330);
insert into Song (title, album_id, artist_id, song_path, cover_path, uploaded_date, total_plays) values ('Francolinus coqui', 27, 37, 'rcahalin80@purevolume.com', 'Male', '2014-07-02', 8561);
insert into Song (title, album_id, artist_id, song_path, cover_path, uploaded_date, total_plays) values ('Papio cynocephalus', 30, 4, 'rpettie81@yahoo.co.jp', 'Male', '1995-05-02', 8258);
insert into Song (title, album_id, artist_id, song_path, cover_path, uploaded_date, total_plays) values ('Eudyptula minor', 40, 35, 'jhackwell82@cbsnews.com', 'Female', '2015-02-15', 7502);
insert into Song (title, album_id, artist_id, song_path, cover_path, uploaded_date, total_plays) values ('Ceratotherium simum', 111, 46, 'gbrookz83@lulu.com', 'Male', '2021-10-03', 7130);
insert into Song (title, album_id, artist_id, song_path, cover_path, uploaded_date, total_plays) values ('Upupa epops', 48, 13, 'rbussel84@usnews.com', 'Female', '2010-11-27', 6950);
insert into Song (title, album_id, artist_id, song_path, cover_path, uploaded_date, total_plays) values ('Boselaphus tragocamelus', 145, 47, 'lrymell85@unblog.fr', 'Genderqueer', '2018-08-12', 8711);
insert into Song (title, album_id, artist_id, song_path, cover_path, uploaded_date, total_plays) values ('Spermophilus armatus', 139, 44, 'rcopin86@sakura.ne.jp', 'Female', '2018-09-21', 9910);
insert into Song (title, album_id, artist_id, song_path, cover_path, uploaded_date, total_plays) values ('Iguana iguana', 93, 46, 'lcrowe87@cnet.com', 'Female', '2002-03-20', 3721);
insert into Song (title, album_id, artist_id, song_path, cover_path, uploaded_date, total_plays) values ('Rhabdomys pumilio', 104, 50, 'fbatte88@ask.com', 'Male', '1987-11-28', 2825);
insert into Song (title, album_id, artist_id, song_path, cover_path, uploaded_date, total_plays) values ('Plegadis falcinellus', 131, 3, 'wkauschke89@state.tx.us', 'Male', '2016-10-05', 3397);
insert into Song (title, album_id, artist_id, song_path, cover_path, uploaded_date, total_plays) values ('Trichechus inunguis', 19, 14, 'chorsburgh8a@wikipedia.org', 'Female', '2020-11-06', 9802);
insert into Song (title, album_id, artist_id, song_path, cover_path, uploaded_date, total_plays) values ('Francolinus swainsonii', 45, 45, 'sarp8b@yale.edu', 'Female', '2004-02-28', 8504);
insert into Song (title, album_id, artist_id, song_path, cover_path, uploaded_date, total_plays) values ('Haliaeetus leucocephalus', 77, 32, 'jheliot8c@accuweather.com', 'Male', '2016-03-16', 8270);
insert into Song (title, album_id, artist_id, song_path, cover_path, uploaded_date, total_plays) values ('Macropus robustus', 148, 44, 'smottley8d@census.gov', 'Female', '2019-02-26', 3444);
insert into Song (title, album_id, artist_id, song_path, cover_path, uploaded_date, total_plays) values ('Eumetopias jubatus', 94, 23, 'cgaspar8e@weather.com', 'Male', '1988-04-23', 4108);
insert into Song (title, album_id, artist_id, song_path, cover_path, uploaded_date, total_plays) values ('Columba palumbus', 94, 39, 'ccarlin8f@de.vu', 'Male', '2008-03-14', 6097);
insert into Song (title, album_id, artist_id, song_path, cover_path, uploaded_date, total_plays) values ('Acrobates pygmaeus', 35, 18, 'hjosephsen8g@paypal.com', 'Male', '2007-01-02', 5257);
insert into Song (title, album_id, artist_id, song_path, cover_path, uploaded_date, total_plays) values ('Meleagris gallopavo', 115, 47, 'pdaughtery8h@hexun.com', 'Male', '2009-12-05', 552);
insert into Song (title, album_id, artist_id, song_path, cover_path, uploaded_date, total_plays) values ('Plectopterus gambensis', 38, 46, 'mmcandrew8i@go.com', 'Female', '2014-12-30', 9761);
insert into Song (title, album_id, artist_id, song_path, cover_path, uploaded_date, total_plays) values ('Acridotheres tristis', 29, 11, 'mmcisaac8j@narod.ru', 'Male', '1984-09-26', 4592);
insert into Song (title, album_id, artist_id, song_path, cover_path, uploaded_date, total_plays) values ('Vanellus chilensis', 98, 50, 'mure8k@angelfire.com', 'Female', '1985-08-26', 1458);
insert into Song (title, album_id, artist_id, song_path, cover_path, uploaded_date, total_plays) values ('Columba livia', 56, 3, 'dleefe8l@arizona.edu', 'Female', '2006-12-07', 1840);
insert into Song (title, album_id, artist_id, song_path, cover_path, uploaded_date, total_plays) values ('Eutamias minimus', 125, 7, 'gbrandenberg8m@businesswire.com', 'Male', '1991-10-30', 1825);
insert into Song (title, album_id, artist_id, song_path, cover_path, uploaded_date, total_plays) values ('Cabassous sp.', 7, 24, 'mbate8n@time.com', 'Female', '1982-04-22', 4387);
insert into Song (title, album_id, artist_id, song_path, cover_path, uploaded_date, total_plays) values ('Neotis denhami', 26, 4, 'ccopcutt8o@google.com.hk', 'Male', '2015-09-19', 2411);
insert into Song (title, album_id, artist_id, song_path, cover_path, uploaded_date, total_plays) values ('Felis libyca', 109, 47, 'mbreyt8p@dmoz.org', 'Female', '1989-08-05', 5816);
insert into Song (title, album_id, artist_id, song_path, cover_path, uploaded_date, total_plays) values ('Lutra canadensis', 146, 44, 'dchadney8q@home.pl', 'Female', '1990-05-14', 6991);
insert into Song (title, album_id, artist_id, song_path, cover_path, uploaded_date, total_plays) values ('Trichoglossus haematodus moluccanus', 90, 39, 'zatthow8r@vistaprint.com', 'Female', '2015-10-15', 6249);
insert into Song (title, album_id, artist_id, song_path, cover_path, uploaded_date, total_plays) values ('Nectarinia chalybea', 71, 21, 'rcaile8s@economist.com', 'Female', '2004-03-18', 4640);
insert into Song (title, album_id, artist_id, song_path, cover_path, uploaded_date, total_plays) values ('Eumetopias jubatus', 126, 18, 'wmallalieu8t@mysql.com', 'Male', '1983-02-15', 6446);
insert into Song (title, album_id, artist_id, song_path, cover_path, uploaded_date, total_plays) values ('Colaptes campestroides', 101, 32, 'ochecci8u@behance.net', 'Female', '2011-09-26', 4262);
insert into Song (title, album_id, artist_id, song_path, cover_path, uploaded_date, total_plays) values ('Loris tardigratus', 109, 1, 'mburdis8v@nps.gov', 'Female', '2013-02-08', 4432);
insert into Song (title, album_id, artist_id, song_path, cover_path, uploaded_date, total_plays) values ('Bucorvus leadbeateri', 11, 16, 'mgrigorescu8w@craigslist.org', 'Male', '1992-12-09', 6455);
insert into Song (title, album_id, artist_id, song_path, cover_path, uploaded_date, total_plays) values ('Butorides striatus', 132, 3, 'mpilmore8x@hibu.com', 'Male', '1991-11-12', 3450);
insert into Song (title, album_id, artist_id, song_path, cover_path, uploaded_date, total_plays) values ('Dendrocitta vagabunda', 136, 10, 'rcasebourne8y@paypal.com', 'Male', '2014-08-08', 3190);
insert into Song (title, album_id, artist_id, song_path, cover_path, uploaded_date, total_plays) values ('Rhea americana', 150, 1, 'cantonich8z@buzzfeed.com', 'Male', '1996-07-03', 5632);
insert into Song (title, album_id, artist_id, song_path, cover_path, uploaded_date, total_plays) values ('Macropus rufus', 46, 4, 'wcolclough90@nsw.gov.au', 'Male', '2003-05-05', 9367);
insert into Song (title, album_id, artist_id, song_path, cover_path, uploaded_date, total_plays) values ('Sylvicapra grimma', 138, 3, 'nvidgeon91@dropbox.com', 'Female', '1994-10-21', 237);
insert into Song (title, album_id, artist_id, song_path, cover_path, uploaded_date, total_plays) values ('Speothos vanaticus', 16, 17, 'mbackhurst92@posterous.com', 'Male', '1991-11-22', 876);
insert into Song (title, album_id, artist_id, song_path, cover_path, uploaded_date, total_plays) values ('Macropus rufogriseus', 48, 26, 'wcrippell93@tinyurl.com', 'Female', '2008-06-19', 8084);
insert into Song (title, album_id, artist_id, song_path, cover_path, uploaded_date, total_plays) values ('Arctogalidia trivirgata', 46, 36, 'lgarber94@indiatimes.com', 'Female', '2005-10-08', 7165);
insert into Song (title, album_id, artist_id, song_path, cover_path, uploaded_date, total_plays) values ('Tetracerus quadricornis', 56, 17, 'ochetwind95@forbes.com', 'Female', '1994-10-22', 2395);
insert into Song (title, album_id, artist_id, song_path, cover_path, uploaded_date, total_plays) values ('Bubalus arnee', 108, 15, 'mmohamed96@japanpost.jp', 'Female', '2016-09-29', 2679);
insert into Song (title, album_id, artist_id, song_path, cover_path, uploaded_date, total_plays) values ('Anastomus oscitans', 43, 35, 'gducker97@geocities.jp', 'Female', '1999-05-26', 7672);
insert into Song (title, album_id, artist_id, song_path, cover_path, uploaded_date, total_plays) values ('Sus scrofa', 23, 21, 'cfleay98@state.gov', 'Female', '2007-08-02', 9662);
insert into Song (title, album_id, artist_id, song_path, cover_path, uploaded_date, total_plays) values ('Kobus leche robertsi', 44, 29, 'cgettings99@youku.com', 'Male', '1996-06-02', 817);
insert into Song (title, album_id, artist_id, song_path, cover_path, uploaded_date, total_plays) values ('Coendou prehensilis', 9, 36, 'mbeteriss9a@indiatimes.com', 'Male', '1983-07-31', 7094);
insert into Song (title, album_id, artist_id, song_path, cover_path, uploaded_date, total_plays) values ('Myiarchus tuberculifer', 134, 43, 'jmatuszyk9b@spotify.com', 'Female', '2009-12-18', 5085);
insert into Song (title, album_id, artist_id, song_path, cover_path, uploaded_date, total_plays) values ('Procyon cancrivorus', 42, 18, 'cklas9c@jigsy.com', 'Male', '1990-08-01', 4203);
insert into Song (title, album_id, artist_id, song_path, cover_path, uploaded_date, total_plays) values ('Macropus robustus', 41, 9, 'dhaggerwood9d@example.com', 'Male', '2007-03-05', 2291);
insert into Song (title, album_id, artist_id, song_path, cover_path, uploaded_date, total_plays) values ('Streptopelia senegalensis', 85, 44, 'awestberg9e@yale.edu', 'Polygender', '1997-04-19', 6214);
insert into Song (title, album_id, artist_id, song_path, cover_path, uploaded_date, total_plays) values ('Ara chloroptera', 53, 40, 'sdunkirk9f@prweb.com', 'Female', '1988-01-15', 2876);
insert into Song (title, album_id, artist_id, song_path, cover_path, uploaded_date, total_plays) values ('Ciconia episcopus', 20, 49, 'rmailes9g@admin.ch', 'Non-binary', '2005-05-30', 6275);
insert into Song (title, album_id, artist_id, song_path, cover_path, uploaded_date, total_plays) values ('Coracias caudata', 5, 45, 'nputtergill9h@hhs.gov', 'Male', '2004-12-01', 4788);
insert into Song (title, album_id, artist_id, song_path, cover_path, uploaded_date, total_plays) values ('Eremophila alpestris', 28, 15, 'agerlts9i@bloglines.com', 'Male', '1983-02-24', 9639);
insert into Song (title, album_id, artist_id, song_path, cover_path, uploaded_date, total_plays) values ('Cebus albifrons', 62, 31, 'bhannant9j@ebay.co.uk', 'Male', '1997-03-05', 4594);
insert into Song (title, album_id, artist_id, song_path, cover_path, uploaded_date, total_plays) values ('Vulpes chama', 148, 37, 'aphilippe9k@sphinn.com', 'Female', '1990-07-20', 9357);
insert into Song (title, album_id, artist_id, song_path, cover_path, uploaded_date, total_plays) values ('Geospiza sp.', 30, 45, 'kbreslin9l@webs.com', 'Male', '2013-04-17', 8555);
insert into Song (title, album_id, artist_id, song_path, cover_path, uploaded_date, total_plays) values ('Merops bullockoides', 9, 21, 'jbagster9m@cnn.com', 'Female', '1990-09-09', 8363);
insert into Song (title, album_id, artist_id, song_path, cover_path, uploaded_date, total_plays) values ('Manouria emys', 100, 49, 'tdouce9n@cargocollective.com', 'Male', '2008-05-09', 5522);
insert into Song (title, album_id, artist_id, song_path, cover_path, uploaded_date, total_plays) values ('Centrocercus urophasianus', 83, 28, 'asaffell9o@princeton.edu', 'Genderqueer', '2000-09-24', 4248);
insert into Song (title, album_id, artist_id, song_path, cover_path, uploaded_date, total_plays) values ('Vulpes vulpes', 1, 10, 'rolivas9p@rakuten.co.jp', 'Female', '1988-03-08', 9054);
insert into Song (title, album_id, artist_id, song_path, cover_path, uploaded_date, total_plays) values ('Libellula quadrimaculata', 44, 29, 'nstadding9q@4shared.com', 'Male', '2004-04-29', 7672);
insert into Song (title, album_id, artist_id, song_path, cover_path, uploaded_date, total_plays) values ('Bubalornis niger', 120, 45, 'ssherwin9r@hp.com', 'Male', '1994-04-21', 8122);
insert into Song (title, album_id, artist_id, song_path, cover_path, uploaded_date, total_plays) values ('Ateles paniscus', 30, 40, 'nboynes9s@github.com', 'Female', '2019-12-05', 1578);
insert into Song (title, album_id, artist_id, song_path, cover_path, uploaded_date, total_plays) values ('Spermophilus richardsonii', 1, 34, 'kchastaing9t@dedecms.com', 'Female', '2019-10-22', 1505);
insert into Song (title, album_id, artist_id, song_path, cover_path, uploaded_date, total_plays) values ('Acridotheres tristis', 16, 11, 'cbrookson9u@salon.com', 'Female', '2006-10-07', 9131);
insert into Song (title, album_id, artist_id, song_path, cover_path, uploaded_date, total_plays) values ('Nasua nasua', 2, 3, 'etommasuzzi9v@jimdo.com', 'Male', '1985-11-18', 574);
insert into Song (title, album_id, artist_id, song_path, cover_path, uploaded_date, total_plays) values ('Cercopithecus aethiops', 50, 48, 'fphillipson9w@hud.gov', 'Male', '1984-09-01', 3908);
insert into Song (title, album_id, artist_id, song_path, cover_path, uploaded_date, total_plays) values ('Sauromalus obesus', 80, 9, 'jlazonby9x@barnesandnoble.com', 'Female', '2021-01-13', 8418);
insert into Song (title, album_id, artist_id, song_path, cover_path, uploaded_date, total_plays) values ('Myiarchus tuberculifer', 5, 18, 'rturmel9y@zdnet.com', 'Male', '1992-12-30', 6475);
insert into Song (title, album_id, artist_id, song_path, cover_path, uploaded_date, total_plays) values ('Pseudocheirus peregrinus', 28, 22, 'fdownes9z@slashdot.org', 'Female', '2011-03-22', 7990);
insert into Song (title, album_id, artist_id, song_path, cover_path, uploaded_date, total_plays) values ('Hystrix indica', 131, 21, 'lastlatta0@hubpages.com', 'Male', '1993-10-17', 6214);
insert into Song (title, album_id, artist_id, song_path, cover_path, uploaded_date, total_plays) values ('Dendrocitta vagabunda', 55, 36, 'bkinvana1@ucla.edu', 'Male', '1986-05-26', 6941);
insert into Song (title, album_id, artist_id, song_path, cover_path, uploaded_date, total_plays) values ('Threskionis aethiopicus', 129, 12, 'gbennitta2@theatlantic.com', 'Male', '1987-07-09', 8277);
insert into Song (title, album_id, artist_id, song_path, cover_path, uploaded_date, total_plays) values ('Camelus dromedarius', 127, 36, 'rseya3@mayoclinic.com', 'Female', '1996-11-10', 5512);
insert into Song (title, album_id, artist_id, song_path, cover_path, uploaded_date, total_plays) values ('Carduelis uropygialis', 6, 26, 'smeadwaya4@answers.com', 'Female', '2009-03-07', 8504);
insert into Song (title, album_id, artist_id, song_path, cover_path, uploaded_date, total_plays) values ('Meles meles', 149, 39, 'dakessa5@altervista.org', 'Male', '1995-10-10', 1436);
insert into Song (title, album_id, artist_id, song_path, cover_path, uploaded_date, total_plays) values ('Sula dactylatra', 111, 37, 'tbrogionia6@uol.com.br', 'Male', '1982-10-16', 8653);
insert into Song (title, album_id, artist_id, song_path, cover_path, uploaded_date, total_plays) values ('Leptoptilus dubius', 110, 48, 'gmunningsa7@tmall.com', 'Female', '2014-03-12', 2983);
insert into Song (title, album_id, artist_id, song_path, cover_path, uploaded_date, total_plays) values ('Panthera leo', 35, 45, 'sdebischopa8@phoca.cz', 'Female', '2016-12-09', 1144);
insert into Song (title, album_id, artist_id, song_path, cover_path, uploaded_date, total_plays) values ('Streptopelia senegalensis', 134, 4, 'aleeuwerinka9@bloglovin.com', 'Female', '1983-02-23', 2179);
insert into Song (title, album_id, artist_id, song_path, cover_path, uploaded_date, total_plays) values ('Phascogale calura', 100, 22, 'mwarretaa@instagram.com', 'Female', '2010-11-26', 7975);
insert into Song (title, album_id, artist_id, song_path, cover_path, uploaded_date, total_plays) values ('Pedetes capensis', 70, 33, 'elevesqueab@nasa.gov', 'Male', '1984-03-13', 6473);
insert into Song (title, album_id, artist_id, song_path, cover_path, uploaded_date, total_plays) values ('Cynictis penicillata', 144, 36, 'runderdownac@list-manage.com', 'Female', '2015-07-22', 8474);
insert into Song (title, album_id, artist_id, song_path, cover_path, uploaded_date, total_plays) values ('Laniarius ferrugineus', 99, 41, 'abracknallad@dailymail.co.uk', 'Male', '2022-02-14', 3493);
insert into Song (title, album_id, artist_id, song_path, cover_path, uploaded_date, total_plays) values ('unavailable', 124, 42, 'cjeanonae@auda.org.au', 'Male', '2021-10-16', 3323);
insert into Song (title, album_id, artist_id, song_path, cover_path, uploaded_date, total_plays) values ('Damaliscus dorcas', 14, 35, 'bkeijseraf@cnbc.com', 'Male', '1998-09-28', 9663);
insert into Song (title, album_id, artist_id, song_path, cover_path, uploaded_date, total_plays) values ('Phalacrocorax carbo', 8, 41, 'pbentleyag@umich.edu', 'Female', '2012-01-18', 6913);
insert into Song (title, album_id, artist_id, song_path, cover_path, uploaded_date, total_plays) values ('Ramphastos tucanus', 46, 27, 'djirusah@ca.gov', 'Male', '1989-03-24', 5990);
insert into Song (title, album_id, artist_id, song_path, cover_path, uploaded_date, total_plays) values ('Pseudalopex gymnocercus', 144, 7, 'rscadingai@dagondesign.com', 'Female', '2013-09-21', 5463);
insert into Song (title, album_id, artist_id, song_path, cover_path, uploaded_date, total_plays) values ('Cebus nigrivittatus', 56, 24, 'hlintsaj@loc.gov', 'Male', '1996-07-03', 6114);
insert into Song (title, album_id, artist_id, song_path, cover_path, uploaded_date, total_plays) values ('Pseudalopex gymnocercus', 37, 30, 'ialburyak@simplemachines.org', 'Female', '1999-07-26', 6903);
insert into Song (title, album_id, artist_id, song_path, cover_path, uploaded_date, total_plays) values ('Ardea golieth', 97, 2, 'epearal@histats.com', 'Genderqueer', '1994-02-05', 2714);
insert into Song (title, album_id, artist_id, song_path, cover_path, uploaded_date, total_plays) values ('Chlidonias leucopterus', 144, 7, 'lpendryam@nsw.gov.au', 'Male', '2001-06-13', 8169);
insert into Song (title, album_id, artist_id, song_path, cover_path, uploaded_date, total_plays) values ('Sula nebouxii', 15, 35, 'rmccayan@studiopress.com', 'Male', '1985-03-27', 1571);
insert into Song (title, album_id, artist_id, song_path, cover_path, uploaded_date, total_plays) values ('Plegadis ridgwayi', 42, 20, 'mkendalao@ycombinator.com', 'Female', '2001-03-23', 2179);
insert into Song (title, album_id, artist_id, song_path, cover_path, uploaded_date, total_plays) values ('Paradoxurus hermaphroditus', 95, 2, 'fidaleap@wsj.com', 'Female', '1989-04-07', 2880);
insert into Song (title, album_id, artist_id, song_path, cover_path, uploaded_date, total_plays) values ('Equus burchelli', 144, 7, 'kfistaq@so-net.ne.jp', 'Male', '2020-01-21', 3256);
insert into Song (title, album_id, artist_id, song_path, cover_path, uploaded_date, total_plays) values ('Microcebus murinus', 37, 41, 'sdinnagear@twitter.com', 'Male', '2016-10-30', 4103);
insert into Song (title, album_id, artist_id, song_path, cover_path, uploaded_date, total_plays) values ('Pteronura brasiliensis', 127, 39, 'ebunfordas@elegantthemes.com', 'Female', '2007-07-28', 8407);
insert into Song (title, album_id, artist_id, song_path, cover_path, uploaded_date, total_plays) values ('Zonotrichia capensis', 84, 20, 'efarrantsat@addthis.com', 'Male', '2011-09-15', 6878);
insert into Song (title, album_id, artist_id, song_path, cover_path, uploaded_date, total_plays) values ('Paroaria gularis', 45, 17, 'dpechau@businessinsider.com', 'Female', '1983-07-11', 5579);
insert into Song (title, album_id, artist_id, song_path, cover_path, uploaded_date, total_plays) values ('Sarcophilus harrisii', 92, 8, 'blythgoeav@netlog.com', 'Female', '2016-09-25', 919);
insert into Song (title, album_id, artist_id, song_path, cover_path, uploaded_date, total_plays) values ('Dasypus septemcincus', 124, 7, 'efardellaw@exblog.jp', 'Female', '1993-02-02', 7159);
insert into Song (title, album_id, artist_id, song_path, cover_path, uploaded_date, total_plays) values ('Meles meles', 8, 15, 'rhaltonax@go.com', 'Male', '1995-02-10', 6018);
insert into Song (title, album_id, artist_id, song_path, cover_path, uploaded_date, total_plays) values ('Hippotragus equinus', 65, 33, 'fbrinicombeay@blinklist.com', 'Female', '1997-07-07', 2621);
insert into Song (title, album_id, artist_id, song_path, cover_path, uploaded_date, total_plays) values ('Vulpes chama', 3, 34, 'efreegardaz@angelfire.com', 'Female', '2003-11-30', 1370);
insert into Song (title, album_id, artist_id, song_path, cover_path, uploaded_date, total_plays) values ('Zosterops pallidus', 3, 46, 'hemmettb0@youtu.be', 'Male', '1993-12-03', 7939);
insert into Song (title, album_id, artist_id, song_path, cover_path, uploaded_date, total_plays) values ('Vombatus ursinus', 137, 47, 'mplantb1@4shared.com', 'Male', '1999-08-16', 8982);
insert into Song (title, album_id, artist_id, song_path, cover_path, uploaded_date, total_plays) values ('Cacatua tenuirostris', 126, 31, 'clanyonb2@cloudflare.com', 'Female', '2015-01-29', 7217);
insert into Song (title, album_id, artist_id, song_path, cover_path, uploaded_date, total_plays) values ('Phalaropus lobatus', 95, 24, 'rtraskeb3@hc360.com', 'Male', '1986-10-15', 1130);


insert into Playlist (user_id, name) values (3, 'Gembucket');
insert into Playlist (user_id, name) values (1, 'Bamity');
insert into Playlist (user_id, name) values (5, 'Zathin');
insert into Playlist (user_id, name) values (3, 'Flowdesk');
insert into Playlist (user_id, name) values (7, 'Asoka');
insert into Playlist (user_id, name) values (9, 'Subin');
insert into Playlist (user_id, name) values (10, 'Vagram');
insert into Playlist (user_id, name) values (10, 'Zathin');
insert into Playlist (user_id, name) values (9, 'Asoka');
insert into Playlist (user_id, name) values (2, 'Konklux');
insert into Playlist (user_id, name) values (10, 'Job');
insert into Playlist (user_id, name) values (7, 'Y-find');
insert into Playlist (user_id, name) values (2, 'Hatity');
insert into Playlist (user_id, name) values (10, 'Flowdesk');
insert into Playlist (user_id, name) values (10, 'Keylex');
insert into Playlist (user_id, name) values (9, 'Span');
insert into Playlist (user_id, name) values (8, 'Stronghold');
insert into Playlist (user_id, name) values (3, 'Zontrax');
insert into Playlist (user_id, name) values (9, 'Stronghold');
insert into Playlist (user_id, name) values (5, 'It');

insert into SongPlaylist (song_id, playlist_id) values (1, 13);
insert into SongPlaylist (song_id, playlist_id) values (2, 1);
insert into SongPlaylist (song_id, playlist_id) values (3, 3);
insert into SongPlaylist (song_id, playlist_id) values (4, 4);
insert into SongPlaylist (song_id, playlist_id) values (5, 10);
insert into SongPlaylist (song_id, playlist_id) values (6, 3);
insert into SongPlaylist (song_id, playlist_id) values (7, 15);
insert into SongPlaylist (song_id, playlist_id) values (8, 5);
insert into SongPlaylist (song_id, playlist_id) values (9, 7);
insert into SongPlaylist (song_id, playlist_id) values (10, 8);
insert into SongPlaylist (song_id, playlist_id) values (11, 19);
insert into SongPlaylist (song_id, playlist_id) values (12, 13);
insert into SongPlaylist (song_id, playlist_id) values (13, 11);
insert into SongPlaylist (song_id, playlist_id) values (14, 20);
insert into SongPlaylist (song_id, playlist_id) values (15, 19);
insert into SongPlaylist (song_id, playlist_id) values (16, 1);
insert into SongPlaylist (song_id, playlist_id) values (17, 17);
insert into SongPlaylist (song_id, playlist_id) values (18, 9);
insert into SongPlaylist (song_id, playlist_id) values (19, 19);
insert into SongPlaylist (song_id, playlist_id) values (20, 1);
insert into SongPlaylist (song_id, playlist_id) values (21, 3);
insert into SongPlaylist (song_id, playlist_id) values (22, 7);
insert into SongPlaylist (song_id, playlist_id) values (23, 15);
insert into SongPlaylist (song_id, playlist_id) values (24, 9);
insert into SongPlaylist (song_id, playlist_id) values (25, 6);
insert into SongPlaylist (song_id, playlist_id) values (26, 1);
insert into SongPlaylist (song_id, playlist_id) values (27, 7);
insert into SongPlaylist (song_id, playlist_id) values (28, 19);
insert into SongPlaylist (song_id, playlist_id) values (29, 4);
insert into SongPlaylist (song_id, playlist_id) values (30, 10);
insert into SongPlaylist (song_id, playlist_id) values (31, 18);
insert into SongPlaylist (song_id, playlist_id) values (32, 7);
insert into SongPlaylist (song_id, playlist_id) values (33, 14);
insert into SongPlaylist (song_id, playlist_id) values (34, 8);
insert into SongPlaylist (song_id, playlist_id) values (35, 10);
insert into SongPlaylist (song_id, playlist_id) values (36, 18);
insert into SongPlaylist (song_id, playlist_id) values (37, 16);
insert into SongPlaylist (song_id, playlist_id) values (38, 19);
insert into SongPlaylist (song_id, playlist_id) values (39, 11);
insert into SongPlaylist (song_id, playlist_id) values (40, 7);
insert into SongPlaylist (song_id, playlist_id) values (41, 4);
insert into SongPlaylist (song_id, playlist_id) values (42, 8);
insert into SongPlaylist (song_id, playlist_id) values (43, 2);
insert into SongPlaylist (song_id, playlist_id) values (44, 15);
insert into SongPlaylist (song_id, playlist_id) values (45, 8);
insert into SongPlaylist (song_id, playlist_id) values (46, 7);
insert into SongPlaylist (song_id, playlist_id) values (47, 3);
insert into SongPlaylist (song_id, playlist_id) values (48, 7);
insert into SongPlaylist (song_id, playlist_id) values (49, 2);
insert into SongPlaylist (song_id, playlist_id) values (50, 16);
insert into SongPlaylist (song_id, playlist_id) values (51, 9);
insert into SongPlaylist (song_id, playlist_id) values (52, 7);
insert into SongPlaylist (song_id, playlist_id) values (53, 16);
insert into SongPlaylist (song_id, playlist_id) values (54, 14);
insert into SongPlaylist (song_id, playlist_id) values (55, 15);
insert into SongPlaylist (song_id, playlist_id) values (56, 4);
insert into SongPlaylist (song_id, playlist_id) values (57, 1);
insert into SongPlaylist (song_id, playlist_id) values (58, 13);
insert into SongPlaylist (song_id, playlist_id) values (59, 5);
insert into SongPlaylist (song_id, playlist_id) values (60, 8);
insert into SongPlaylist (song_id, playlist_id) values (61, 19);
insert into SongPlaylist (song_id, playlist_id) values (62, 1);
insert into SongPlaylist (song_id, playlist_id) values (63, 11);
insert into SongPlaylist (song_id, playlist_id) values (64, 13);
insert into SongPlaylist (song_id, playlist_id) values (65, 10);
insert into SongPlaylist (song_id, playlist_id) values (66, 18);
insert into SongPlaylist (song_id, playlist_id) values (67, 16);
insert into SongPlaylist (song_id, playlist_id) values (68, 10);
insert into SongPlaylist (song_id, playlist_id) values (69, 13);
insert into SongPlaylist (song_id, playlist_id) values (70, 13);
insert into SongPlaylist (song_id, playlist_id) values (71, 19);
insert into SongPlaylist (song_id, playlist_id) values (72, 1);
insert into SongPlaylist (song_id, playlist_id) values (73, 5);
insert into SongPlaylist (song_id, playlist_id) values (74, 11);
insert into SongPlaylist (song_id, playlist_id) values (75, 14);
insert into SongPlaylist (song_id, playlist_id) values (76, 12);
insert into SongPlaylist (song_id, playlist_id) values (77, 8);
insert into SongPlaylist (song_id, playlist_id) values (78, 14);
insert into SongPlaylist (song_id, playlist_id) values (79, 8);
insert into SongPlaylist (song_id, playlist_id) values (80, 10);
insert into SongPlaylist (song_id, playlist_id) values (81, 12);
insert into SongPlaylist (song_id, playlist_id) values (82, 9);
insert into SongPlaylist (song_id, playlist_id) values (83, 2);
insert into SongPlaylist (song_id, playlist_id) values (84, 14);
insert into SongPlaylist (song_id, playlist_id) values (85, 14);
insert into SongPlaylist (song_id, playlist_id) values (86, 8);
insert into SongPlaylist (song_id, playlist_id) values (87, 2);
insert into SongPlaylist (song_id, playlist_id) values (88, 15);
insert into SongPlaylist (song_id, playlist_id) values (89, 20);
insert into SongPlaylist (song_id, playlist_id) values (90, 7);
insert into SongPlaylist (song_id, playlist_id) values (91, 3);
insert into SongPlaylist (song_id, playlist_id) values (92, 3);
insert into SongPlaylist (song_id, playlist_id) values (93, 11);
insert into SongPlaylist (song_id, playlist_id) values (94, 11);
insert into SongPlaylist (song_id, playlist_id) values (95, 5);
insert into SongPlaylist (song_id, playlist_id) values (96, 6);
insert into SongPlaylist (song_id, playlist_id) values (97, 13);
insert into SongPlaylist (song_id, playlist_id) values (98, 19);
insert into SongPlaylist (song_id, playlist_id) values (99, 15);
insert into SongPlaylist (song_id, playlist_id) values (100, 8);
insert into SongPlaylist (song_id, playlist_id) values (101, 7);
insert into SongPlaylist (song_id, playlist_id) values (102, 5);
insert into SongPlaylist (song_id, playlist_id) values (103, 5);
insert into SongPlaylist (song_id, playlist_id) values (104, 11);
insert into SongPlaylist (song_id, playlist_id) values (105, 8);
insert into SongPlaylist (song_id, playlist_id) values (106, 18);
insert into SongPlaylist (song_id, playlist_id) values (107, 18);
insert into SongPlaylist (song_id, playlist_id) values (108, 10);
insert into SongPlaylist (song_id, playlist_id) values (109, 19);
insert into SongPlaylist (song_id, playlist_id) values (110, 11);
insert into SongPlaylist (song_id, playlist_id) values (111, 3);
insert into SongPlaylist (song_id, playlist_id) values (112, 10);
insert into SongPlaylist (song_id, playlist_id) values (113, 19);
insert into SongPlaylist (song_id, playlist_id) values (114, 14);
insert into SongPlaylist (song_id, playlist_id) values (115, 12);
insert into SongPlaylist (song_id, playlist_id) values (116, 5);
insert into SongPlaylist (song_id, playlist_id) values (117, 19);
insert into SongPlaylist (song_id, playlist_id) values (118, 6);
insert into SongPlaylist (song_id, playlist_id) values (119, 16);
insert into SongPlaylist (song_id, playlist_id) values (120, 11);
insert into SongPlaylist (song_id, playlist_id) values (121, 20);
insert into SongPlaylist (song_id, playlist_id) values (122, 8);
insert into SongPlaylist (song_id, playlist_id) values (123, 6);
insert into SongPlaylist (song_id, playlist_id) values (124, 14);
insert into SongPlaylist (song_id, playlist_id) values (125, 10);
insert into SongPlaylist (song_id, playlist_id) values (126, 4);
insert into SongPlaylist (song_id, playlist_id) values (127, 17);
insert into SongPlaylist (song_id, playlist_id) values (128, 9);
insert into SongPlaylist (song_id, playlist_id) values (129, 16);
insert into SongPlaylist (song_id, playlist_id) values (130, 6);
insert into SongPlaylist (song_id, playlist_id) values (131, 3);
insert into SongPlaylist (song_id, playlist_id) values (132, 2);
insert into SongPlaylist (song_id, playlist_id) values (133, 3);
insert into SongPlaylist (song_id, playlist_id) values (134, 11);
insert into SongPlaylist (song_id, playlist_id) values (135, 3);
insert into SongPlaylist (song_id, playlist_id) values (136, 15);
insert into SongPlaylist (song_id, playlist_id) values (137, 10);
insert into SongPlaylist (song_id, playlist_id) values (138, 9);
insert into SongPlaylist (song_id, playlist_id) values (139, 18);
insert into SongPlaylist (song_id, playlist_id) values (140, 8);
insert into SongPlaylist (song_id, playlist_id) values (141, 10);
insert into SongPlaylist (song_id, playlist_id) values (142, 3);
insert into SongPlaylist (song_id, playlist_id) values (143, 13);
insert into SongPlaylist (song_id, playlist_id) values (144, 18);
insert into SongPlaylist (song_id, playlist_id) values (145, 9);
insert into SongPlaylist (song_id, playlist_id) values (146, 3);
insert into SongPlaylist (song_id, playlist_id) values (147, 7);
insert into SongPlaylist (song_id, playlist_id) values (148, 8);
insert into SongPlaylist (song_id, playlist_id) values (149, 10);
insert into SongPlaylist (song_id, playlist_id) values (150, 2);
insert into SongPlaylist (song_id, playlist_id) values (151, 9);
insert into SongPlaylist (song_id, playlist_id) values (152, 2);
insert into SongPlaylist (song_id, playlist_id) values (153, 6);
insert into SongPlaylist (song_id, playlist_id) values (154, 6);
insert into SongPlaylist (song_id, playlist_id) values (155, 6);
insert into SongPlaylist (song_id, playlist_id) values (156, 20);
insert into SongPlaylist (song_id, playlist_id) values (157, 17);
insert into SongPlaylist (song_id, playlist_id) values (158, 8);
insert into SongPlaylist (song_id, playlist_id) values (159, 7);
insert into SongPlaylist (song_id, playlist_id) values (160, 12);
insert into SongPlaylist (song_id, playlist_id) values (161, 17);
insert into SongPlaylist (song_id, playlist_id) values (162, 2);
insert into SongPlaylist (song_id, playlist_id) values (163, 5);
insert into SongPlaylist (song_id, playlist_id) values (164, 11);
insert into SongPlaylist (song_id, playlist_id) values (165, 6);
insert into SongPlaylist (song_id, playlist_id) values (166, 16);
insert into SongPlaylist (song_id, playlist_id) values (167, 14);
insert into SongPlaylist (song_id, playlist_id) values (168, 2);
insert into SongPlaylist (song_id, playlist_id) values (169, 6);
insert into SongPlaylist (song_id, playlist_id) values (170, 7);
insert into SongPlaylist (song_id, playlist_id) values (171, 9);
insert into SongPlaylist (song_id, playlist_id) values (172, 16);
insert into SongPlaylist (song_id, playlist_id) values (173, 5);
insert into SongPlaylist (song_id, playlist_id) values (174, 6);
insert into SongPlaylist (song_id, playlist_id) values (175, 2);
insert into SongPlaylist (song_id, playlist_id) values (176, 9);
insert into SongPlaylist (song_id, playlist_id) values (177, 15);
insert into SongPlaylist (song_id, playlist_id) values (178, 7);
insert into SongPlaylist (song_id, playlist_id) values (179, 1);
insert into SongPlaylist (song_id, playlist_id) values (180, 11);
insert into SongPlaylist (song_id, playlist_id) values (181, 7);
insert into SongPlaylist (song_id, playlist_id) values (182, 15);
insert into SongPlaylist (song_id, playlist_id) values (183, 19);
insert into SongPlaylist (song_id, playlist_id) values (184, 12);
insert into SongPlaylist (song_id, playlist_id) values (185, 13);
insert into SongPlaylist (song_id, playlist_id) values (186, 11);
insert into SongPlaylist (song_id, playlist_id) values (187, 9);
insert into SongPlaylist (song_id, playlist_id) values (188, 15);
insert into SongPlaylist (song_id, playlist_id) values (189, 8);
insert into SongPlaylist (song_id, playlist_id) values (190, 20);
insert into SongPlaylist (song_id, playlist_id) values (191, 1);
insert into SongPlaylist (song_id, playlist_id) values (192, 1);
insert into SongPlaylist (song_id, playlist_id) values (193, 12);
insert into SongPlaylist (song_id, playlist_id) values (194, 17);
insert into SongPlaylist (song_id, playlist_id) values (195, 2);
insert into SongPlaylist (song_id, playlist_id) values (196, 17);
insert into SongPlaylist (song_id, playlist_id) values (197, 9);
insert into SongPlaylist (song_id, playlist_id) values (198, 3);
insert into SongPlaylist (song_id, playlist_id) values (199, 6);
insert into SongPlaylist (song_id, playlist_id) values (200, 16);


insert into Likes (user_id, song_id, isLike) values (1, 1, false);
insert into Likes (user_id, song_id, isLike) values (2, 1, true);
insert into Likes (user_id, song_id, isLike) values (3, 1, false);
insert into Likes (user_id, song_id, isLike) values (4, 1, false);
insert into Likes (user_id, song_id, isLike) values (5, 1, false);
insert into Likes (user_id, song_id, isLike) values (6, 1, true);
insert into Likes (user_id, song_id, isLike) values (7, 1, false);
insert into Likes (user_id, song_id, isLike) values (8, 1, false);
insert into Likes (user_id, song_id, isLike) values (9, 1, true);
insert into Likes (user_id, song_id, isLike) values (10, 1, true);
insert into Likes (user_id, song_id, isLike) values (11, 1, true);
insert into Likes (user_id, song_id, isLike) values (12, 1, false);
insert into Likes (user_id, song_id, isLike) values (13, 1, true);
insert into Likes (user_id, song_id, isLike) values (14, 1, false);
insert into Likes (user_id, song_id, isLike) values (15, 1, true);
insert into Likes (user_id, song_id, isLike) values (16, 1, true);
insert into Likes (user_id, song_id, isLike) values (17, 1, false);
insert into Likes (user_id, song_id, isLike) values (18, 1, false);
insert into Likes (user_id, song_id, isLike) values (19, 1, false);
insert into Likes (user_id, song_id, isLike) values (20, 1, true);
insert into Likes (user_id, song_id, isLike) values (21, 1, true);
insert into Likes (user_id, song_id, isLike) values (22, 1, false);
insert into Likes (user_id, song_id, isLike) values (23, 1, false);
insert into Likes (user_id, song_id, isLike) values (24, 1, false);
insert into Likes (user_id, song_id, isLike) values (25, 1, false);
insert into Likes (user_id, song_id, isLike) values (26, 1, false);
insert into Likes (user_id, song_id, isLike) values (27, 1, false);
insert into Likes (user_id, song_id, isLike) values (28, 1, false);
insert into Likes (user_id, song_id, isLike) values (29, 1, false);
insert into Likes (user_id, song_id, isLike) values (30, 1, true);
insert into Likes (user_id, song_id, isLike) values (31, 1, false);
insert into Likes (user_id, song_id, isLike) values (32, 1, false);
insert into Likes (user_id, song_id, isLike) values (33, 1, true);
insert into Likes (user_id, song_id, isLike) values (34, 1, false);
insert into Likes (user_id, song_id, isLike) values (35, 1, false);
insert into Likes (user_id, song_id, isLike) values (36, 1, true);
insert into Likes (user_id, song_id, isLike) values (37, 1, true);
insert into Likes (user_id, song_id, isLike) values (38, 1, true);
insert into Likes (user_id, song_id, isLike) values (39, 1, true);
insert into Likes (user_id, song_id, isLike) values (40, 1, true);
insert into Likes (user_id, song_id, isLike) values (41, 1, true);
insert into Likes (user_id, song_id, isLike) values (42, 1, false);
insert into Likes (user_id, song_id, isLike) values (43, 1, true);
insert into Likes (user_id, song_id, isLike) values (44, 1, true);
insert into Likes (user_id, song_id, isLike) values (45, 1, true);
insert into Likes (user_id, song_id, isLike) values (46, 1, false);
insert into Likes (user_id, song_id, isLike) values (47, 1, true);
insert into Likes (user_id, song_id, isLike) values (48, 1, true);
insert into Likes (user_id, song_id, isLike) values (49, 1, true);
insert into Likes (user_id, song_id, isLike) values (50, 1, true);
insert into Likes (user_id, song_id, isLike) values (1, 2, false);
insert into Likes (user_id, song_id, isLike) values (2, 2, true);
insert into Likes (user_id, song_id, isLike) values (3, 2, false);
insert into Likes (user_id, song_id, isLike) values (4, 2, true);
insert into Likes (user_id, song_id, isLike) values (5, 2, true);
insert into Likes (user_id, song_id, isLike) values (6, 2, false);
insert into Likes (user_id, song_id, isLike) values (7, 2, false);
insert into Likes (user_id, song_id, isLike) values (8, 2, true);
insert into Likes (user_id, song_id, isLike) values (9, 2, false);
insert into Likes (user_id, song_id, isLike) values (10, 2, true);
insert into Likes (user_id, song_id, isLike) values (11, 2, true);
insert into Likes (user_id, song_id, isLike) values (12, 2, true);
insert into Likes (user_id, song_id, isLike) values (13, 2, true);
insert into Likes (user_id, song_id, isLike) values (14, 2, true);
insert into Likes (user_id, song_id, isLike) values (15, 2, false);
insert into Likes (user_id, song_id, isLike) values (16, 2, false);
insert into Likes (user_id, song_id, isLike) values (17, 2, true);
insert into Likes (user_id, song_id, isLike) values (18, 2, false);
insert into Likes (user_id, song_id, isLike) values (19, 2, false);
insert into Likes (user_id, song_id, isLike) values (20, 2, false);
insert into Likes (user_id, song_id, isLike) values (21, 2, true);
insert into Likes (user_id, song_id, isLike) values (22, 2, true);
insert into Likes (user_id, song_id, isLike) values (23, 2, false);
insert into Likes (user_id, song_id, isLike) values (24, 2, true);
insert into Likes (user_id, song_id, isLike) values (25, 2, true);
insert into Likes (user_id, song_id, isLike) values (26, 2, false);
insert into Likes (user_id, song_id, isLike) values (27, 2, false);
insert into Likes (user_id, song_id, isLike) values (28, 2, false);
insert into Likes (user_id, song_id, isLike) values (29, 2, true);
insert into Likes (user_id, song_id, isLike) values (30, 2, true);
insert into Likes (user_id, song_id, isLike) values (31, 2, false);
insert into Likes (user_id, song_id, isLike) values (32, 2, true);
insert into Likes (user_id, song_id, isLike) values (33, 2, false);
insert into Likes (user_id, song_id, isLike) values (34, 2, true);
insert into Likes (user_id, song_id, isLike) values (35, 2, true);
insert into Likes (user_id, song_id, isLike) values (36, 2, true);
insert into Likes (user_id, song_id, isLike) values (37, 2, false);
insert into Likes (user_id, song_id, isLike) values (38, 2, false);
insert into Likes (user_id, song_id, isLike) values (39, 2, false);
insert into Likes (user_id, song_id, isLike) values (40, 2, false);
insert into Likes (user_id, song_id, isLike) values (41, 2, true);
insert into Likes (user_id, song_id, isLike) values (42, 2, true);
insert into Likes (user_id, song_id, isLike) values (43, 2, false);
insert into Likes (user_id, song_id, isLike) values (44, 2, false);
insert into Likes (user_id, song_id, isLike) values (45, 2, true);
insert into Likes (user_id, song_id, isLike) values (46, 2, true);
insert into Likes (user_id, song_id, isLike) values (47, 2, false);
insert into Likes (user_id, song_id, isLike) values (48, 2, true);
insert into Likes (user_id, song_id, isLike) values (49, 2, true);
insert into Likes (user_id, song_id, isLike) values (50, 2, true);
insert into Likes (user_id, song_id, isLike) values (1, 3, false);
insert into Likes (user_id, song_id, isLike) values (2, 3, true);
insert into Likes (user_id, song_id, isLike) values (3, 3, false);
insert into Likes (user_id, song_id, isLike) values (4, 3, false);
insert into Likes (user_id, song_id, isLike) values (5, 3, true);
insert into Likes (user_id, song_id, isLike) values (6, 3, true);
insert into Likes (user_id, song_id, isLike) values (7, 3, false);
insert into Likes (user_id, song_id, isLike) values (8, 3, false);
insert into Likes (user_id, song_id, isLike) values (9, 3, true);
insert into Likes (user_id, song_id, isLike) values (10, 3, true);
insert into Likes (user_id, song_id, isLike) values (11, 3, true);
insert into Likes (user_id, song_id, isLike) values (12, 3, false);
insert into Likes (user_id, song_id, isLike) values (13, 3, true);
insert into Likes (user_id, song_id, isLike) values (14, 3, true);
insert into Likes (user_id, song_id, isLike) values (15, 3, true);
insert into Likes (user_id, song_id, isLike) values (16, 3, false);
insert into Likes (user_id, song_id, isLike) values (17, 3, false);
insert into Likes (user_id, song_id, isLike) values (18, 3, true);
insert into Likes (user_id, song_id, isLike) values (19, 3, false);
insert into Likes (user_id, song_id, isLike) values (20, 3, false);
insert into Likes (user_id, song_id, isLike) values (21, 3, false);
insert into Likes (user_id, song_id, isLike) values (22, 3, false);
insert into Likes (user_id, song_id, isLike) values (23, 3, false);
insert into Likes (user_id, song_id, isLike) values (24, 3, false);
insert into Likes (user_id, song_id, isLike) values (25, 3, true);
insert into Likes (user_id, song_id, isLike) values (26, 3, true);
insert into Likes (user_id, song_id, isLike) values (27, 3, false);
insert into Likes (user_id, song_id, isLike) values (28, 3, true);
insert into Likes (user_id, song_id, isLike) values (29, 3, false);
insert into Likes (user_id, song_id, isLike) values (30, 3, false);
insert into Likes (user_id, song_id, isLike) values (31, 3, false);
insert into Likes (user_id, song_id, isLike) values (32, 3, false);
insert into Likes (user_id, song_id, isLike) values (33, 3, false);
insert into Likes (user_id, song_id, isLike) values (34, 3, false);
insert into Likes (user_id, song_id, isLike) values (35, 3, false);
insert into Likes (user_id, song_id, isLike) values (36, 3, true);
insert into Likes (user_id, song_id, isLike) values (37, 3, true);
insert into Likes (user_id, song_id, isLike) values (38, 3, true);
insert into Likes (user_id, song_id, isLike) values (39, 3, false);
insert into Likes (user_id, song_id, isLike) values (40, 3, false);
insert into Likes (user_id, song_id, isLike) values (41, 3, false);
insert into Likes (user_id, song_id, isLike) values (42, 3, false);
insert into Likes (user_id, song_id, isLike) values (43, 3, false);
insert into Likes (user_id, song_id, isLike) values (44, 3, false);
insert into Likes (user_id, song_id, isLike) values (45, 3, false);
insert into Likes (user_id, song_id, isLike) values (46, 3, false);
insert into Likes (user_id, song_id, isLike) values (47, 3, true);
insert into Likes (user_id, song_id, isLike) values (48, 3, false);
insert into Likes (user_id, song_id, isLike) values (49, 3, true);
insert into Likes (user_id, song_id, isLike) values (50, 3, true);
insert into Likes (user_id, song_id, isLike) values (1, 4, true);
insert into Likes (user_id, song_id, isLike) values (2, 4, false);
insert into Likes (user_id, song_id, isLike) values (3, 4, true);
insert into Likes (user_id, song_id, isLike) values (4, 4, false);
insert into Likes (user_id, song_id, isLike) values (5, 4, true);
insert into Likes (user_id, song_id, isLike) values (6, 4, true);
insert into Likes (user_id, song_id, isLike) values (7, 4, true);
insert into Likes (user_id, song_id, isLike) values (8, 4, false);
insert into Likes (user_id, song_id, isLike) values (9, 4, false);
insert into Likes (user_id, song_id, isLike) values (10, 4, true);
insert into Likes (user_id, song_id, isLike) values (11, 4, false);
insert into Likes (user_id, song_id, isLike) values (12, 4, true);
insert into Likes (user_id, song_id, isLike) values (13, 4, false);
insert into Likes (user_id, song_id, isLike) values (14, 4, false);
insert into Likes (user_id, song_id, isLike) values (15, 4, true);
insert into Likes (user_id, song_id, isLike) values (16, 4, true);
insert into Likes (user_id, song_id, isLike) values (17, 4, true);
insert into Likes (user_id, song_id, isLike) values (18, 4, true);
insert into Likes (user_id, song_id, isLike) values (19, 4, false);
insert into Likes (user_id, song_id, isLike) values (20, 4, false);
insert into Likes (user_id, song_id, isLike) values (21, 4, false);
insert into Likes (user_id, song_id, isLike) values (22, 4, false);
insert into Likes (user_id, song_id, isLike) values (23, 4, true);
insert into Likes (user_id, song_id, isLike) values (24, 4, true);
insert into Likes (user_id, song_id, isLike) values (25, 4, false);
insert into Likes (user_id, song_id, isLike) values (26, 4, false);
insert into Likes (user_id, song_id, isLike) values (27, 4, true);
insert into Likes (user_id, song_id, isLike) values (28, 4, false);
insert into Likes (user_id, song_id, isLike) values (29, 4, false);
insert into Likes (user_id, song_id, isLike) values (30, 4, false);
insert into Likes (user_id, song_id, isLike) values (31, 4, false);
insert into Likes (user_id, song_id, isLike) values (32, 4, true);
insert into Likes (user_id, song_id, isLike) values (33, 4, true);
insert into Likes (user_id, song_id, isLike) values (34, 4, true);
insert into Likes (user_id, song_id, isLike) values (35, 4, true);
insert into Likes (user_id, song_id, isLike) values (36, 4, false);
insert into Likes (user_id, song_id, isLike) values (37, 4, false);
insert into Likes (user_id, song_id, isLike) values (38, 4, false);
insert into Likes (user_id, song_id, isLike) values (39, 4, true);
insert into Likes (user_id, song_id, isLike) values (40, 4, true);
insert into Likes (user_id, song_id, isLike) values (41, 4, true);
insert into Likes (user_id, song_id, isLike) values (42, 4, false);
insert into Likes (user_id, song_id, isLike) values (43, 4, true);
insert into Likes (user_id, song_id, isLike) values (44, 4, true);
insert into Likes (user_id, song_id, isLike) values (45, 4, true);
insert into Likes (user_id, song_id, isLike) values (46, 4, false);
insert into Likes (user_id, song_id, isLike) values (47, 4, false);
insert into Likes (user_id, song_id, isLike) values (48, 4, true);
insert into Likes (user_id, song_id, isLike) values (49, 4, true);
insert into Likes (user_id, song_id, isLike) values (50, 4, false);
